0,Cemetery

70.093399,-43.206490,0.189216,0.000000,0.000000,0.000000,0.000000,0.000000,0.000000,0.000000,0.000000
69.714668,-42.990673,0.189216,0.000000,0.000000,0.000000,0.000000,0.000000,0.000000,0.000000,0.000000
66.924255,-42.990673,0.189216,0.000000,0.000000,0.000000,0.000000,0.000000,0.000000,0.000000,0.000000
113.261917,-54.780060,0.189216,0.000000,0.000000,0.000000,0.000000,0.000000,0.000000,0.000000,0.000000
114.399979,-54.780983,0.189216,0.000000,0.000000,0.000000,0.000000,0.000000,0.000000,0.000000,0.000000
114.399994,-51.039452,0.189216,0.000000,0.000000,0.000000,0.000000,0.000000,0.000000,0.000000,0.000000
113.073349,-54.938423,0.189216,0.000000,0.000000,0.000000,0.000000,0.000000,0.000000,0.000000,0.000000
113.261917,-54.780060,0.189216,0.000000,0.000000,0.000000,0.000000,0.000000,0.000000,0.000000,0.000000
114.399994,-51.039452,0.189216,0.000000,0.000000,0.000000,0.000000,0.000000,0.000000,0.000000,0.000000
108.199989,-48.924259,0.189216,0.000000,0.000000,0.000000,0.000000,0.000000,0.000000,0.000000,0.000000
108.199982,-53.599995,0.189216,0.000000,0.000000,0.000000,0.000000,0.000000,0.000000,0.000000,0.000000
108.199989,-46.475739,0.189216,0.000000,0.000000,0.000000,0.000000,0.000000,0.000000,0.000000,0.000000
42.931980,-62.270897,-0.607204,0.000000,0.000000,0.000000,0.000000,0.000000,0.000000,0.000000,0.000000
43.553177,-62.636917,-0.546816,0.000000,0.000000,0.000000,0.000000,0.000000,0.000000,0.000000,0.000000
43.626041,-62.020378,-0.607204,0.000000,0.000000,0.000000,0.000000,0.000000,0.000000,0.000000,0.000000
31.675121,-56.269836,0.212583,0.000000,0.000000,0.000000,0.000000,0.000000,0.000000,0.000000,0.000000
31.931976,-56.922489,0.092525,0.000000,0.000000,0.000000,0.000000,0.000000,0.000000,0.000000,0.000000
34.694210,-59.219456,-0.482247,0.000000,0.000000,0.000000,0.000000,0.000000,0.000000,0.000000,0.000000
72.504982,-62.015282,0.189216,0.000000,0.000000,0.000000,0.000000,0.000000,0.000000,0.000000,0.000000
70.943642,-62.070412,0.189216,0.000000,0.000000,0.000000,0.000000,0.000000,0.000000,0.000000,0.000000
70.943649,-65.107315,0.189216,0.000000,0.000000,0.000000,0.000000,0.000000,0.000000,0.000000,0.000000
72.504982,-62.015282,0.189216,0.000000,0.000000,0.000000,0.000000,0.000000,0.000000,0.000000,0.000000
70.943649,-65.107315,0.189216,0.000000,0.000000,0.000000,0.000000,0.000000,0.000000,0.000000,0.000000
72.634506,-61.821018,0.189216,0.000000,0.000000,0.000000,0.000000,0.000000,0.000000,0.000000,0.000000
68.710205,-46.976410,0.189216,0.000000,0.000000,0.000000,0.000000,0.000000,0.000000,0.000000,0.000000
69.900673,-46.820675,0.189216,0.000000,0.000000,0.000000,0.000000,0.000000,0.000000,0.000000,0.000000
70.093399,-46.597336,0.189216,0.000000,0.000000,0.000000,0.000000,0.000000,0.000000,0.000000,0.000000
68.529984,-47.169739,0.189216,0.000000,0.000000,0.000000,0.000000,0.000000,0.000000,0.000000,0.000000
70.093399,-43.206490,0.189216,0.000000,0.000000,0.000000,0.000000,0.000000,0.000000,0.000000,0.000000
64.510559,-55.193668,0.189216,0.000000,0.000000,0.000000,0.000000,0.000000,0.000000,0.000000,0.000000
64.922058,-29.000011,0.189211,0.000000,0.000000,0.000000,0.000000,0.000000,0.000000,0.000000,0.000000
61.080151,-29.000011,0.189211,0.000000,0.000000,0.000000,0.000000,0.000000,0.000000,0.000000,0.000000
61.399998,-29.220863,0.204635,0.000000,0.000000,0.000000,0.000000,0.000000,0.000000,0.000000,0.000000
61.399998,-29.220863,0.204635,0.000000,0.000000,0.000000,0.000000,0.000000,0.000000,0.000000,0.000000
64.700005,-29.220863,0.204635,0.000000,0.000000,0.000000,0.000000,0.000000,0.000000,0.000000,0.000000
64.922058,-29.000011,0.189211,0.000000,0.000000,0.000000,0.000000,0.000000,0.000000,0.000000,0.000000
64.700005,-29.809057,0.189216,0.000000,0.000000,0.000000,0.000000,0.000000,0.000000,0.000000,0.000000
64.700005,-29.220863,0.204635,0.000000,0.000000,0.000000,0.000000,0.000000,0.000000,0.000000,0.000000
61.399998,-29.220863,0.204635,0.000000,0.000000,0.000000,0.000000,0.000000,0.000000,0.000000,0.000000
61.399998,-29.220863,0.204635,0.000000,0.000000,0.000000,0.000000,0.000000,0.000000,0.000000,0.000000
61.400002,-29.809057,0.189216,0.000000,0.000000,0.000000,0.000000,0.000000,0.000000,0.000000,0.000000
64.700005,-29.809057,0.189216,0.000000,0.000000,0.000000,0.000000,0.000000,0.000000,0.000000,0.000000
61.400002,-29.809057,0.189216,0.000000,0.000000,0.000000,0.000000,0.000000,0.000000,0.000000,0.000000
64.882858,-31.167156,0.189216,0.000000,0.000000,0.000000,0.000000,0.000000,0.000000,0.000000,0.000000
64.700005,-29.809057,0.189216,0.000000,0.000000,0.000000,0.000000,0.000000,0.000000,0.000000,0.000000
61.400002,-29.809057,0.189216,0.000000,0.000000,0.000000,0.000000,0.000000,0.000000,0.000000,0.000000
61.099995,-31.167156,0.189216,0.000000,0.000000,0.000000,0.000000,0.000000,0.000000,0.000000,0.000000
64.882858,-31.167156,0.189216,0.000000,0.000000,0.000000,0.000000,0.000000,0.000000,0.000000,0.000000
61.400002,-29.809057,0.189216,0.000000,0.000000,0.000000,0.000000,0.000000,0.000000,0.000000,0.000000
61.099995,-29.939444,0.189216,0.000000,0.000000,0.000000,0.000000,0.000000,0.000000,0.000000,0.000000
61.099995,-31.167156,0.189216,0.000000,0.000000,0.000000,0.000000,0.000000,0.000000,0.000000,0.000000
65.024269,-31.299995,0.189216,0.000000,0.000000,0.000000,0.000000,0.000000,0.000000,0.000000,0.000000
64.882858,-31.167156,0.189216,0.000000,0.000000,0.000000,0.000000,0.000000,0.000000,0.000000,0.000000
61.099995,-31.167156,0.189216,0.000000,0.000000,0.000000,0.000000,0.000000,0.000000,0.000000,0.000000
61.099995,-31.167156,0.189216,0.000000,0.000000,0.000000,0.000000,0.000000,0.000000,0.000000,0.000000
60.975731,-31.299995,0.189216,0.000000,0.000000,0.000000,0.000000,0.000000,0.000000,0.000000,0.000000
65.024269,-31.299995,0.189216,0.000000,0.000000,0.000000,0.000000,0.000000,0.000000,0.000000,0.000000
60.975731,-31.299995,0.189216,0.000000,0.000000,0.000000,0.000000,0.000000,0.000000,0.000000,0.000000
57.397018,-32.585182,0.189216,0.000000,0.000000,0.000000,0.000000,0.000000,0.000000,0.000000,0.000000
65.024269,-31.299995,0.189216,0.000000,0.000000,0.000000,0.000000,0.000000,0.000000,0.000000,0.000000
57.397018,-32.585182,0.189216,0.000000,0.000000,0.000000,0.000000,0.000000,0.000000,0.000000,0.000000
57.487339,-33.488388,0.189216,0.000000,0.000000,0.000000,0.000000,0.000000,0.000000,0.000000,0.000000
65.024269,-31.299995,0.189216,0.000000,0.000000,0.000000,0.000000,0.000000,0.000000,0.000000,0.000000
60.975731,-31.299995,0.189216,0.000000,0.000000,0.000000,0.000000,0.000000,0.000000,0.000000,0.000000
57.654060,-31.299995,0.189216,0.000000,0.000000,0.000000,0.000000,0.000000,0.000000,0.000000,0.000000
57.397018,-32.585182,0.189216,0.000000,0.000000,0.000000,0.000000,0.000000,0.000000,0.000000,0.000000
57.487339,-33.488388,0.189216,0.000000,0.000000,0.000000,0.000000,0.000000,0.000000,0.000000,0.000000
60.260551,-37.699997,0.189216,0.000000,0.000000,0.000000,0.000000,0.000000,0.000000,0.000000,0.000000
65.024269,-31.299995,0.189216,0.000000,0.000000,0.000000,0.000000,0.000000,0.000000,0.000000,0.000000
57.487339,-33.488388,0.189216,0.000000,0.000000,0.000000,0.000000,0.000000,0.000000,0.000000,0.000000
56.785160,-37.000000,0.189216,0.000000,0.000000,0.000000,0.000000,0.000000,0.000000,0.000000,0.000000
60.260551,-37.699997,0.189216,0.000000,0.000000,0.000000,0.000000,0.000000,0.000000,0.000000,0.000000
57.487339,-33.488388,0.189216,0.000000,0.000000,0.000000,0.000000,0.000000,0.000000,0.000000,0.000000
57.375736,-33.599998,0.189216,0.000000,0.000000,0.000000,0.000000,0.000000,0.000000,0.000000,0.000000
56.785160,-37.000000,0.189216,0.000000,0.000000,0.000000,0.000000,0.000000,0.000000,0.000000,0.000000
57.375736,-33.599998,0.189216,0.000000,0.000000,0.000000,0.000000,0.000000,0.000000,0.000000,0.000000
57.049995,-33.599998,0.189216,0.000000,0.000000,0.000000,0.000000,0.000000,0.000000,0.000000,0.000000
56.785160,-37.000000,0.189216,0.000000,0.000000,0.000000,0.000000,0.000000,0.000000,0.000000,0.000000
57.049995,-33.599998,0.189216,0.000000,0.000000,0.000000,0.000000,0.000000,0.000000,0.000000,0.000000
56.785160,-34.000000,0.189216,0.000000,0.000000,0.000000,0.000000,0.000000,0.000000,0.000000,0.000000
56.785160,-37.000000,0.189216,0.000000,0.000000,0.000000,0.000000,0.000000,0.000000,0.000000,0.000000
56.247063,-37.000000,0.189216,0.000000,0.000000,0.000000,0.000000,0.000000,0.000000,0.000000,0.000000
56.785160,-37.000000,0.189216,0.000000,0.000000,0.000000,0.000000,0.000000,0.000000,0.000000,0.000000
56.785160,-34.000000,0.189216,0.000000,0.000000,0.000000,0.000000,0.000000,0.000000,0.000000,0.000000
56.785160,-34.000000,0.189216,0.000000,0.000000,0.000000,0.000000,0.000000,0.000000,0.000000,0.000000
56.247063,-34.000000,0.189216,0.000000,0.000000,0.000000,0.000000,0.000000,0.000000,0.000000,0.000000
56.247063,-37.000000,0.189216,0.000000,0.000000,0.000000,0.000000,0.000000,0.000000,0.000000,0.000000
56.099998,-37.283096,0.189216,0.000000,0.000000,0.000000,0.000000,0.000000,0.000000,0.000000,0.000000
56.247063,-37.000000,0.189216,0.000000,0.000000,0.000000,0.000000,0.000000,0.000000,0.000000,0.000000
56.247063,-34.000000,0.189216,0.000000,0.000000,0.000000,0.000000,0.000000,0.000000,0.000000,0.000000
56.099998,-33.875736,0.189216,0.000000,0.000000,0.000000,0.000000,0.000000,0.000000,0.000000,0.000000
56.099998,-37.283096,0.189216,0.000000,0.000000,0.000000,0.000000,0.000000,0.000000,0.000000,0.000000
56.247063,-34.000000,0.189216,0.000000,0.000000,0.000000,0.000000,0.000000,0.000000,0.000000,0.000000
56.785160,-37.000000,0.189216,0.000000,0.000000,0.000000,0.000000,0.000000,0.000000,0.000000,0.000000
58.521133,-37.484978,0.189216,0.000000,0.000000,0.000000,0.000000,0.000000,0.000000,0.000000,0.000000
60.260551,-37.699997,0.189216,0.000000,0.000000,0.000000,0.000000,0.000000,0.000000,0.000000,0.000000
56.785160,-37.000000,0.189216,0.000000,0.000000,0.000000,0.000000,0.000000,0.000000,0.000000,0.000000
57.507832,-37.392853,0.189216,0.000000,0.000000,0.000000,0.000000,0.000000,0.000000,0.000000,0.000000
58.521133,-37.484978,0.189216,0.000000,0.000000,0.000000,0.000000,0.000000,0.000000,0.000000,0.000000
58.521133,-37.484978,0.189216,0.000000,0.000000,0.000000,0.000000,0.000000,0.000000,0.000000,0.000000
60.060555,-38.000000,0.189216,0.000000,0.000000,0.000000,0.000000,0.000000,0.000000,0.000000,0.000000
60.260551,-37.699997,0.189216,0.000000,0.000000,0.000000,0.000000,0.000000,0.000000,0.000000,0.000000
58.521133,-37.484978,0.189216,0.000000,0.000000,0.000000,0.000000,0.000000,0.000000,0.000000,0.000000
58.830135,-38.000000,0.189216,0.000000,0.000000,0.000000,0.000000,0.000000,0.000000,0.000000,0.000000
60.060555,-38.000000,0.189216,0.000000,0.000000,0.000000,0.000000,0.000000,0.000000,0.000000,0.000000
60.260551,-37.699997,0.189216,0.000000,0.000000,0.000000,0.000000,0.000000,0.000000,0.000000,0.000000
60.914593,-37.628780,0.189216,0.000000,0.000000,0.000000,0.000000,0.000000,0.000000,0.000000,0.000000
65.024269,-31.299995,0.189216,0.000000,0.000000,0.000000,0.000000,0.000000,0.000000,0.000000,0.000000
56.099998,-33.875736,0.189216,0.000000,0.000000,0.000000,0.000000,0.000000,0.000000,0.000000,0.000000
52.611076,-39.835331,0.189216,0.000000,0.000000,0.000000,0.000000,0.000000,0.000000,0.000000,0.000000
56.099998,-37.283096,0.189216,0.000000,0.000000,0.000000,0.000000,0.000000,0.000000,0.000000,0.000000
52.611076,-39.835331,0.189216,0.000000,0.000000,0.000000,0.000000,0.000000,0.000000,0.000000,0.000000
56.099998,-42.775734,0.189216,0.000000,0.000000,0.000000,0.000000,0.000000,0.000000,0.000000,0.000000
56.099998,-37.283096,0.189216,0.000000,0.000000,0.000000,0.000000,0.000000,0.000000,0.000000,0.000000
52.611076,-39.835331,0.189216,0.000000,0.000000,0.000000,0.000000,0.000000,0.000000,0.000000,0.000000
52.688511,-40.687225,0.189216,0.000000,0.000000,0.000000,0.000000,0.000000,0.000000,0.000000,0.000000
56.099998,-42.775734,0.189216,0.000000,0.000000,0.000000,0.000000,0.000000,0.000000,0.000000,0.000000
56.209320,-43.036121,0.189216,0.000000,0.000000,0.000000,0.000000,0.000000,0.000000,0.000000,0.000000
56.099998,-42.775734,0.189216,0.000000,0.000000,0.000000,0.000000,0.000000,0.000000,0.000000,0.000000
52.688511,-40.687225,0.189216,0.000000,0.000000,0.000000,0.000000,0.000000,0.000000,0.000000,0.000000
56.209320,-43.036121,0.189216,0.000000,0.000000,0.000000,0.000000,0.000000,0.000000,0.000000,0.000000
52.688511,-40.687225,0.189216,0.000000,0.000000,0.000000,0.000000,0.000000,0.000000,0.000000,0.000000
52.575745,-40.799999,0.189216,0.000000,0.000000,0.000000,0.000000,0.000000,0.000000,0.000000,0.000000
56.209320,-43.036121,0.189216,0.000000,0.000000,0.000000,0.000000,0.000000,0.000000,0.000000,0.000000
52.575745,-40.799999,0.189216,0.000000,0.000000,0.000000,0.000000,0.000000,0.000000,0.000000,0.000000
52.324265,-40.799999,0.189216,0.000000,0.000000,0.000000,0.000000,0.000000,0.000000,0.000000,0.000000
56.209320,-43.036121,0.189216,0.000000,0.000000,0.000000,0.000000,0.000000,0.000000,0.000000,0.000000
52.324265,-40.799999,0.189216,0.000000,0.000000,0.000000,0.000000,0.000000,0.000000,0.000000,0.000000
48.318413,-42.542679,0.189216,0.000000,0.000000,0.000000,0.000000,0.000000,0.000000,0.000000,0.000000
56.209320,-43.036121,0.189216,0.000000,0.000000,0.000000,0.000000,0.000000,0.000000,0.000000,0.000000
48.318413,-42.542679,0.189216,0.000000,0.000000,0.000000,0.000000,0.000000,0.000000,0.000000,0.000000
56.490986,-43.179962,0.189216,0.000000,0.000000,0.000000,0.000000,0.000000,0.000000,0.000000,0.000000
52.324265,-40.799999,0.189216,0.000000,0.000000,0.000000,0.000000,0.000000,0.000000,0.000000,0.000000
46.912437,-40.978745,0.189216,0.000000,0.000000,0.000000,0.000000,0.000000,0.000000,0.000000,0.000000
48.318413,-42.542679,0.189216,0.000000,0.000000,0.000000,0.000000,0.000000,0.000000,0.000000,0.000000
52.324265,-40.799999,0.189216,0.000000,0.000000,0.000000,0.000000,0.000000,0.000000,0.000000,0.000000
52.184914,-40.660648,0.189216,0.000000,0.000000,0.000000,0.000000,0.000000,0.000000,0.000000,0.000000
46.912437,-40.978745,0.189216,0.000000,0.000000,0.000000,0.000000,0.000000,0.000000,0.000000,0.000000
52.184914,-40.660648,0.189216,0.000000,0.000000,0.000000,0.000000,0.000000,0.000000,0.000000,0.000000
52.081882,-39.836411,0.189216,0.000000,0.000000,0.000000,0.000000,0.000000,0.000000,0.000000,0.000000
46.912437,-40.978745,0.189216,0.000000,0.000000,0.000000,0.000000,0.000000,0.000000,0.000000,0.000000
46.912437,-40.978745,0.189216,0.000000,0.000000,0.000000,0.000000,0.000000,0.000000,0.000000,0.000000
46.978535,-41.621647,0.189216,0.000000,0.000000,0.000000,0.000000,0.000000,0.000000,0.000000,0.000000
48.318413,-42.542679,0.189216,0.000000,0.000000,0.000000,0.000000,0.000000,0.000000,0.000000,0.000000
52.081882,-39.836411,0.189216,0.000000,0.000000,0.000000,0.000000,0.000000,0.000000,0.000000,0.000000
51.287781,-39.240829,0.189216,0.000000,0.000000,0.000000,0.000000,0.000000,0.000000,0.000000,0.000000
46.912437,-40.978745,0.189216,0.000000,0.000000,0.000000,0.000000,0.000000,0.000000,0.000000,0.000000
46.351284,-40.849297,0.189216,0.000000,0.000000,0.000000,0.000000,0.000000,0.000000,0.000000,0.000000
46.912437,-40.978745,0.189216,0.000000,0.000000,0.000000,0.000000,0.000000,0.000000,0.000000,0.000000
51.287781,-39.240829,0.189216,0.000000,0.000000,0.000000,0.000000,0.000000,0.000000,0.000000,0.000000
46.351284,-40.849297,0.189216,0.000000,0.000000,0.000000,0.000000,0.000000,0.000000,0.000000,0.000000
51.287781,-39.240829,0.189216,0.000000,0.000000,0.000000,0.000000,0.000000,0.000000,0.000000,0.000000
51.205170,-38.249527,0.189216,0.000000,0.000000,0.000000,0.000000,0.000000,0.000000,0.000000,0.000000
48.318413,-42.542679,0.189216,0.000000,0.000000,0.000000,0.000000,0.000000,0.000000,0.000000,0.000000
49.745186,-45.069450,0.189216,0.000000,0.000000,0.000000,0.000000,0.000000,0.000000,0.000000,0.000000
56.490986,-43.179962,0.189216,0.000000,0.000000,0.000000,0.000000,0.000000,0.000000,0.000000,0.000000
48.318413,-42.542679,0.189216,0.000000,0.000000,0.000000,0.000000,0.000000,0.000000,0.000000,0.000000
48.518414,-43.842678,0.189216,0.000000,0.000000,0.000000,0.000000,0.000000,0.000000,0.000000,0.000000
49.745186,-45.069450,0.189216,0.000000,0.000000,0.000000,0.000000,0.000000,0.000000,0.000000,0.000000
49.745186,-45.069450,0.189216,0.000000,0.000000,0.000000,0.000000,0.000000,0.000000,0.000000,0.000000
53.245853,-52.787464,0.189216,0.000000,0.000000,0.000000,0.000000,0.000000,0.000000,0.000000,0.000000
56.490986,-43.179962,0.189216,0.000000,0.000000,0.000000,0.000000,0.000000,0.000000,0.000000,0.000000
49.745186,-45.069450,0.189216,0.000000,0.000000,0.000000,0.000000,0.000000,0.000000,0.000000,0.000000
50.603901,-47.168526,0.189216,0.000000,0.000000,0.000000,0.000000,0.000000,0.000000,0.000000,0.000000
53.245853,-52.787464,0.189216,0.000000,0.000000,0.000000,0.000000,0.000000,0.000000,0.000000,0.000000
50.603901,-47.168526,0.189216,0.000000,0.000000,0.000000,0.000000,0.000000,0.000000,0.000000,0.000000
50.692081,-48.491272,0.189216,0.000000,0.000000,0.000000,0.000000,0.000000,0.000000,0.000000,0.000000
53.245853,-52.787464,0.189216,0.000000,0.000000,0.000000,0.000000,0.000000,0.000000,0.000000,0.000000
53.245853,-52.787464,0.189216,0.000000,0.000000,0.000000,0.000000,0.000000,0.000000,0.000000,0.000000
55.122303,-52.608753,0.189216,0.000000,0.000000,0.000000,0.000000,0.000000,0.000000,0.000000,0.000000
56.490986,-43.179962,0.189216,0.000000,0.000000,0.000000,0.000000,0.000000,0.000000,0.000000,0.000000
55.122303,-52.608753,0.189216,0.000000,0.000000,0.000000,0.000000,0.000000,0.000000,0.000000,0.000000
55.400734,-52.794373,0.189216,0.000000,0.000000,0.000000,0.000000,0.000000,0.000000,0.000000,0.000000
56.490986,-43.179962,0.189216,0.000000,0.000000,0.000000,0.000000,0.000000,0.000000,0.000000,0.000000
51.330704,-53.975307,0.189216,0.000000,0.000000,0.000000,0.000000,0.000000,0.000000,0.000000,0.000000
53.245853,-52.787464,0.189216,0.000000,0.000000,0.000000,0.000000,0.000000,0.000000,0.000000,0.000000
50.692081,-48.491272,0.189216,0.000000,0.000000,0.000000,0.000000,0.000000,0.000000,0.000000,0.000000
56.787006,-42.978085,0.189216,0.000000,0.000000,0.000000,0.000000,0.000000,0.000000,0.000000,0.000000
56.490986,-43.179962,0.189216,0.000000,0.000000,0.000000,0.000000,0.000000,0.000000,0.000000,0.000000
55.400734,-52.794373,0.189216,0.000000,0.000000,0.000000,0.000000,0.000000,0.000000,0.000000,0.000000
55.400734,-52.794373,0.189216,0.000000,0.000000,0.000000,0.000000,0.000000,0.000000,0.000000,0.000000
56.968075,-52.892338,0.189216,0.000000,0.000000,0.000000,0.000000,0.000000,0.000000,0.000000,0.000000
56.787006,-42.978085,0.189216,0.000000,0.000000,0.000000,0.000000,0.000000,0.000000,0.000000,0.000000
50.692081,-48.491272,0.189216,0.000000,0.000000,0.000000,0.000000,0.000000,0.000000,0.000000,0.000000
49.630009,-49.641857,0.189216,0.000000,0.000000,0.000000,0.000000,0.000000,0.000000,0.000000,0.000000
51.330704,-53.975307,0.189216,0.000000,0.000000,0.000000,0.000000,0.000000,0.000000,0.000000,0.000000
57.271332,-53.195595,0.189216,0.000000,0.000000,0.000000,0.000000,0.000000,0.000000,0.000000,0.000000
56.787006,-42.978085,0.189216,0.000000,0.000000,0.000000,0.000000,0.000000,0.000000,0.000000,0.000000
56.968075,-52.892338,0.189216,0.000000,0.000000,0.000000,0.000000,0.000000,0.000000,0.000000,0.000000
51.330704,-53.975307,0.189216,0.000000,0.000000,0.000000,0.000000,0.000000,0.000000,0.000000,0.000000
49.630009,-49.641857,0.189216,0.000000,0.000000,0.000000,0.000000,0.000000,0.000000,0.000000,0.000000
48.048576,-50.200020,0.189216,0.000000,0.000000,0.000000,0.000000,0.000000,0.000000,0.000000,0.000000
57.271332,-53.195595,0.189216,0.000000,0.000000,0.000000,0.000000,0.000000,0.000000,0.000000,0.000000
62.875736,-42.978085,0.189216,0.000000,0.000000,0.000000,0.000000,0.000000,0.000000,0.000000,0.000000
56.787006,-42.978085,0.189216,0.000000,0.000000,0.000000,0.000000,0.000000,0.000000,0.000000,0.000000
45.610107,-53.735321,0.211249,0.000000,0.000000,0.000000,0.000000,0.000000,0.000000,0.000000,0.000000
51.330704,-53.975307,0.189216,0.000000,0.000000,0.000000,0.000000,0.000000,0.000000,0.000000,0.000000
48.048576,-50.200020,0.189216,0.000000,0.000000,0.000000,0.000000,0.000000,0.000000,0.000000,0.000000
45.610107,-53.735321,0.211249,0.000000,0.000000,0.000000,0.000000,0.000000,0.000000,0.000000,0.000000
48.048576,-50.200020,0.189216,0.000000,0.000000,0.000000,0.000000,0.000000,0.000000,0.000000,0.000000
46.543167,-50.199986,0.189216,0.000000,0.000000,0.000000,0.000000,0.000000,0.000000,0.000000,0.000000
45.610107,-53.735321,0.211249,0.000000,0.000000,0.000000,0.000000,0.000000,0.000000,0.000000,0.000000
45.728596,-54.020535,0.211342,0.000000,0.000000,0.000000,0.000000,0.000000,0.000000,0.000000,0.000000
51.330704,-53.975307,0.189216,0.000000,0.000000,0.000000,0.000000,0.000000,0.000000,0.000000,0.000000
45.728596,-54.020535,0.211342,0.000000,0.000000,0.000000,0.000000,0.000000,0.000000,0.000000,0.000000
49.612267,-54.557323,0.211342,0.000000,0.000000,0.000000,0.000000,0.000000,0.000000,0.000000,0.000000
51.330704,-53.975307,0.189216,0.000000,0.000000,0.000000,0.000000,0.000000,0.000000,0.000000,0.000000
45.610107,-53.735321,0.211249,0.000000,0.000000,0.000000,0.000000,0.000000,0.000000,0.000000,0.000000
46.543167,-50.199986,0.189216,0.000000,0.000000,0.000000,0.000000,0.000000,0.000000,0.000000,0.000000
44.811897,-53.180737,0.214812,0.000000,0.000000,0.000000,0.000000,0.000000,0.000000,0.000000,0.000000
45.610107,-53.735321,0.211249,0.000000,0.000000,0.000000,0.000000,0.000000,0.000000,0.000000,0.000000
44.811897,-53.180737,0.214812,0.000000,0.000000,0.000000,0.000000,0.000000,0.000000,0.000000,0.000000
45.211819,-53.645069,0.212696,0.000000,0.000000,0.000000,0.000000,0.000000,0.000000,0.000000,0.000000
44.811897,-53.180737,0.214812,0.000000,0.000000,0.000000,0.000000,0.000000,0.000000,0.000000,0.000000
46.543167,-50.199986,0.189216,0.000000,0.000000,0.000000,0.000000,0.000000,0.000000,0.000000,0.000000
44.843201,-49.699993,0.189216,0.000000,0.000000,0.000000,0.000000,0.000000,0.000000,0.000000,0.000000
44.843201,-49.699993,0.189216,0.000000,0.000000,0.000000,0.000000,0.000000,0.000000,0.000000,0.000000
43.532799,-52.296566,0.189216,0.000000,0.000000,0.000000,0.000000,0.000000,0.000000,0.000000,0.000000
44.811897,-53.180737,0.214812,0.000000,0.000000,0.000000,0.000000,0.000000,0.000000,0.000000,0.000000
43.532799,-52.296566,0.189216,0.000000,0.000000,0.000000,0.000000,0.000000,0.000000,0.000000,0.000000
44.843201,-49.699993,0.189216,0.000000,0.000000,0.000000,0.000000,0.000000,0.000000,0.000000,0.000000
42.861576,-49.699993,0.189216,0.000000,0.000000,0.000000,0.000000,0.000000,0.000000,0.000000,0.000000
42.861576,-49.699993,0.189216,0.000000,0.000000,0.000000,0.000000,0.000000,0.000000,0.000000,0.000000
41.768517,-52.192783,0.189216,0.000000,0.000000,0.000000,0.000000,0.000000,0.000000,0.000000,0.000000
43.532799,-52.296566,0.189216,0.000000,0.000000,0.000000,0.000000,0.000000,0.000000,0.000000,0.000000
42.861576,-49.699993,0.189216,0.000000,0.000000,0.000000,0.000000,0.000000,0.000000,0.000000,0.000000
41.459675,-51.883942,0.189216,0.000000,0.000000,0.000000,0.000000,0.000000,0.000000,0.000000,0.000000
41.768517,-52.192783,0.189216,0.000000,0.000000,0.000000,0.000000,0.000000,0.000000,0.000000,0.000000
42.861576,-49.699993,0.189216,0.000000,0.000000,0.000000,0.000000,0.000000,0.000000,0.000000,0.000000
40.113113,-51.704399,0.189216,0.000000,0.000000,0.000000,0.000000,0.000000,0.000000,0.000000,0.000000
41.459675,-51.883942,0.189216,0.000000,0.000000,0.000000,0.000000,0.000000,0.000000,0.000000,0.000000
42.861576,-49.699993,0.189216,0.000000,0.000000,0.000000,0.000000,0.000000,0.000000,0.000000,0.000000
40.880863,-48.851116,0.189216,0.000000,0.000000,0.000000,0.000000,0.000000,0.000000,0.000000,0.000000
40.113113,-51.704399,0.189216,0.000000,0.000000,0.000000,0.000000,0.000000,0.000000,0.000000,0.000000
40.880863,-48.851116,0.189216,0.000000,0.000000,0.000000,0.000000,0.000000,0.000000,0.000000,0.000000
38.450356,-52.073902,0.189216,0.000000,0.000000,0.000000,0.000000,0.000000,0.000000,0.000000,0.000000
40.113113,-51.704399,0.189216,0.000000,0.000000,0.000000,0.000000,0.000000,0.000000,0.000000,0.000000
40.880863,-48.851116,0.189216,0.000000,0.000000,0.000000,0.000000,0.000000,0.000000,0.000000,0.000000
35.742329,-47.091900,0.189216,0.000000,0.000000,0.000000,0.000000,0.000000,0.000000,0.000000,0.000000
38.450356,-52.073902,0.189216,0.000000,0.000000,0.000000,0.000000,0.000000,0.000000,0.000000,0.000000
40.880863,-48.851116,0.189216,0.000000,0.000000,0.000000,0.000000,0.000000,0.000000,0.000000,0.000000
36.834034,-46.002892,0.189216,0.000000,0.000000,0.000000,0.000000,0.000000,0.000000,0.000000,0.000000
35.742329,-47.091900,0.189216,0.000000,0.000000,0.000000,0.000000,0.000000,0.000000,0.000000,0.000000
40.880863,-48.851116,0.189216,0.000000,0.000000,0.000000,0.000000,0.000000,0.000000,0.000000,0.000000
40.309940,-48.198639,0.189216,0.000000,0.000000,0.000000,0.000000,0.000000,0.000000,0.000000,0.000000
36.834034,-46.002892,0.189216,0.000000,0.000000,0.000000,0.000000,0.000000,0.000000,0.000000,0.000000
36.834034,-46.002892,0.189216,0.000000,0.000000,0.000000,0.000000,0.000000,0.000000,0.000000,0.000000
40.309940,-48.198639,0.189216,0.000000,0.000000,0.000000,0.000000,0.000000,0.000000,0.000000,0.000000
40.490223,-46.125282,0.189216,0.000000,0.000000,0.000000,0.000000,0.000000,0.000000,0.000000,0.000000
38.450356,-52.073902,0.189216,0.000000,0.000000,0.000000,0.000000,0.000000,0.000000,0.000000,0.000000
35.742329,-47.091900,0.189216,0.000000,0.000000,0.000000,0.000000,0.000000,0.000000,0.000000,0.000000
33.539772,-47.139862,0.189216,0.000000,0.000000,0.000000,0.000000,0.000000,0.000000,0.000000,0.000000
33.504475,-45.817722,-0.010792,0.000000,0.000000,0.000000,0.000000,0.000000,0.000000,0.000000,0.000000
35.742329,-47.091900,0.189216,0.000000,0.000000,0.000000,0.000000,0.000000,0.000000,0.000000,0.000000
36.834034,-46.002892,0.189216,0.000000,0.000000,0.000000,0.000000,0.000000,0.000000,0.000000,0.000000
33.504475,-45.817722,-0.010792,0.000000,0.000000,0.000000,0.000000,0.000000,0.000000,0.000000,0.000000
33.539772,-47.139862,0.189216,0.000000,0.000000,0.000000,0.000000,0.000000,0.000000,0.000000,0.000000
35.742329,-47.091900,0.189216,0.000000,0.000000,0.000000,0.000000,0.000000,0.000000,0.000000,0.000000
40.490223,-46.125282,0.189216,0.000000,0.000000,0.000000,0.000000,0.000000,0.000000,0.000000,0.000000
38.299908,-44.247318,0.189216,0.000000,0.000000,0.000000,0.000000,0.000000,0.000000,0.000000,0.000000
36.834034,-46.002892,0.189216,0.000000,0.000000,0.000000,0.000000,0.000000,0.000000,0.000000,0.000000
33.504475,-45.817722,-0.010792,0.000000,0.000000,0.000000,0.000000,0.000000,0.000000,0.000000,0.000000
36.834034,-46.002892,0.189216,0.000000,0.000000,0.000000,0.000000,0.000000,0.000000,0.000000,0.000000
35.632004,-45.011929,-0.010792,0.000000,0.000000,0.000000,0.000000,0.000000,0.000000,0.000000,0.000000
35.632004,-45.011929,-0.010792,0.000000,0.000000,0.000000,0.000000,0.000000,0.000000,0.000000,0.000000
36.834034,-46.002892,0.189216,0.000000,0.000000,0.000000,0.000000,0.000000,0.000000,0.000000,0.000000
38.299908,-44.247318,0.189216,0.000000,0.000000,0.000000,0.000000,0.000000,0.000000,0.000000,0.000000
42.323650,-43.525551,0.189216,0.000000,0.000000,0.000000,0.000000,0.000000,0.000000,0.000000,0.000000
38.299908,-44.247318,0.189216,0.000000,0.000000,0.000000,0.000000,0.000000,0.000000,0.000000,0.000000
40.490223,-46.125282,0.189216,0.000000,0.000000,0.000000,0.000000,0.000000,0.000000,0.000000,0.000000
42.323650,-43.525551,0.189216,0.000000,0.000000,0.000000,0.000000,0.000000,0.000000,0.000000,0.000000
40.490223,-46.125282,0.189216,0.000000,0.000000,0.000000,0.000000,0.000000,0.000000,0.000000,0.000000
41.259010,-45.260204,0.189216,0.000000,0.000000,0.000000,0.000000,0.000000,0.000000,0.000000,0.000000
33.539772,-47.139862,0.189216,0.000000,0.000000,0.000000,0.000000,0.000000,0.000000,0.000000,0.000000
33.504475,-45.817722,-0.010792,0.000000,0.000000,0.000000,0.000000,0.000000,0.000000,0.000000,0.000000
31.880209,-46.238953,-0.034013,0.000000,0.000000,0.000000,0.000000,0.000000,0.000000,0.000000,0.000000
31.880209,-46.238953,-0.034013,0.000000,0.000000,0.000000,0.000000,0.000000,0.000000,0.000000,0.000000
31.987411,-47.208977,0.189216,0.000000,0.000000,0.000000,0.000000,0.000000,0.000000,0.000000,0.000000
33.539772,-47.139862,0.189216,0.000000,0.000000,0.000000,0.000000,0.000000,0.000000,0.000000,0.000000
33.539772,-47.139862,0.189216,0.000000,0.000000,0.000000,0.000000,0.000000,0.000000,0.000000,0.000000
31.987411,-47.208977,0.189216,0.000000,0.000000,0.000000,0.000000,0.000000,0.000000,0.000000,0.000000
38.450356,-52.073902,0.189216,0.000000,0.000000,0.000000,0.000000,0.000000,0.000000,0.000000,0.000000
31.880209,-46.238953,-0.034013,0.000000,0.000000,0.000000,0.000000,0.000000,0.000000,0.000000,0.000000
33.504475,-45.817722,-0.010792,0.000000,0.000000,0.000000,0.000000,0.000000,0.000000,0.000000,0.000000
33.363499,-45.397232,-0.090296,0.000000,0.000000,0.000000,0.000000,0.000000,0.000000,0.000000,0.000000
33.363499,-45.397232,-0.090296,0.000000,0.000000,0.000000,0.000000,0.000000,0.000000,0.000000,0.000000
33.504475,-45.817722,-0.010792,0.000000,0.000000,0.000000,0.000000,0.000000,0.000000,0.000000,0.000000
35.632004,-45.011929,-0.010792,0.000000,0.000000,0.000000,0.000000,0.000000,0.000000,0.000000,0.000000
35.632004,-45.011929,-0.010792,0.000000,0.000000,0.000000,0.000000,0.000000,0.000000,0.000000,0.000000
35.029194,-44.460262,-0.112735,0.000000,0.000000,0.000000,0.000000,0.000000,0.000000,0.000000,0.000000
33.363499,-45.397232,-0.090296,0.000000,0.000000,0.000000,0.000000,0.000000,0.000000,0.000000,0.000000
36.781704,-43.000706,-0.075301,0.000000,0.000000,0.000000,0.000000,0.000000,0.000000,0.000000,0.000000
35.029194,-44.460262,-0.112735,0.000000,0.000000,0.000000,0.000000,0.000000,0.000000,0.000000,0.000000
35.632004,-45.011929,-0.010792,0.000000,0.000000,0.000000,0.000000,0.000000,0.000000,0.000000,0.000000
30.835268,-48.627010,0.189216,0.000000,0.000000,0.000000,0.000000,0.000000,0.000000,0.000000,0.000000
38.450356,-52.073902,0.189216,0.000000,0.000000,0.000000,0.000000,0.000000,0.000000,0.000000,0.000000
31.987411,-47.208977,0.189216,0.000000,0.000000,0.000000,0.000000,0.000000,0.000000,0.000000,0.000000
35.632004,-45.011929,-0.010792,0.000000,0.000000,0.000000,0.000000,0.000000,0.000000,0.000000,0.000000
37.217884,-43.346092,-0.010791,0.000000,0.000000,0.000000,0.000000,0.000000,0.000000,0.000000,0.000000
36.781704,-43.000706,-0.075301,0.000000,0.000000,0.000000,0.000000,0.000000,0.000000,0.000000,0.000000
38.299908,-44.247318,0.189216,0.000000,0.000000,0.000000,0.000000,0.000000,0.000000,0.000000,0.000000
37.217884,-43.346092,-0.010791,0.000000,0.000000,0.000000,0.000000,0.000000,0.000000,0.000000,0.000000
35.632004,-45.011929,-0.010792,0.000000,0.000000,0.000000,0.000000,0.000000,0.000000,0.000000,0.000000
37.870056,-41.405518,-0.097610,0.000000,0.000000,0.000000,0.000000,0.000000,0.000000,0.000000,0.000000
36.781704,-43.000706,-0.075301,0.000000,0.000000,0.000000,0.000000,0.000000,0.000000,0.000000,0.000000
37.217884,-43.346092,-0.010791,0.000000,0.000000,0.000000,0.000000,0.000000,0.000000,0.000000,0.000000
42.323650,-43.525551,0.189216,0.000000,0.000000,0.000000,0.000000,0.000000,0.000000,0.000000,0.000000
39.799831,-41.996956,0.189216,0.000000,0.000000,0.000000,0.000000,0.000000,0.000000,0.000000,0.000000
38.299908,-44.247318,0.189216,0.000000,0.000000,0.000000,0.000000,0.000000,0.000000,0.000000,0.000000
37.217884,-43.346092,-0.010791,0.000000,0.000000,0.000000,0.000000,0.000000,0.000000,0.000000,0.000000
38.299908,-44.247318,0.189216,0.000000,0.000000,0.000000,0.000000,0.000000,0.000000,0.000000,0.000000
39.799831,-41.996956,0.189216,0.000000,0.000000,0.000000,0.000000,0.000000,0.000000,0.000000,0.000000
40.409096,-39.595165,0.189216,0.000000,0.000000,0.000000,0.000000,0.000000,0.000000,0.000000,0.000000
39.799831,-41.996956,0.189216,0.000000,0.000000,0.000000,0.000000,0.000000,0.000000,0.000000,0.000000
42.323650,-43.525551,0.189216,0.000000,0.000000,0.000000,0.000000,0.000000,0.000000,0.000000,0.000000
42.323650,-43.525551,0.189216,0.000000,0.000000,0.000000,0.000000,0.000000,0.000000,0.000000,0.000000
43.652473,-42.404091,0.189216,0.000000,0.000000,0.000000,0.000000,0.000000,0.000000,0.000000,0.000000
40.409096,-39.595165,0.189216,0.000000,0.000000,0.000000,0.000000,0.000000,0.000000,0.000000,0.000000
40.409096,-39.595165,0.189216,0.000000,0.000000,0.000000,0.000000,0.000000,0.000000,0.000000,0.000000
43.652473,-42.404091,0.189216,0.000000,0.000000,0.000000,0.000000,0.000000,0.000000,0.000000,0.000000
44.226219,-41.767494,0.189216,0.000000,0.000000,0.000000,0.000000,0.000000,0.000000,0.000000,0.000000
44.226219,-41.767494,0.189216,0.000000,0.000000,0.000000,0.000000,0.000000,0.000000,0.000000,0.000000
44.906254,-41.434605,0.189216,0.000000,0.000000,0.000000,0.000000,0.000000,0.000000,0.000000,0.000000
40.409096,-39.595165,0.189216,0.000000,0.000000,0.000000,0.000000,0.000000,0.000000,0.000000,0.000000
30.835268,-48.627010,0.189216,0.000000,0.000000,0.000000,0.000000,0.000000,0.000000,0.000000,0.000000
36.968590,-52.955669,0.214810,0.000000,0.000000,0.000000,0.000000,0.000000,0.000000,0.000000,0.000000
38.450356,-52.073902,0.189216,0.000000,0.000000,0.000000,0.000000,0.000000,0.000000,0.000000,0.000000
36.968590,-52.955669,0.214810,0.000000,0.000000,0.000000,0.000000,0.000000,0.000000,0.000000,0.000000
37.968590,-52.555668,0.189216,0.000000,0.000000,0.000000,0.000000,0.000000,0.000000,0.000000,0.000000
38.450356,-52.073902,0.189216,0.000000,0.000000,0.000000,0.000000,0.000000,0.000000,0.000000,0.000000
30.835268,-48.627010,0.189216,0.000000,0.000000,0.000000,0.000000,0.000000,0.000000,0.000000,0.000000
30.123636,-49.352093,0.189216,0.000000,0.000000,0.000000,0.000000,0.000000,0.000000,0.000000,0.000000
36.968590,-52.955669,0.214810,0.000000,0.000000,0.000000,0.000000,0.000000,0.000000,0.000000,0.000000
30.835268,-48.627010,0.189216,0.000000,0.000000,0.000000,0.000000,0.000000,0.000000,0.000000,0.000000
30.245050,-48.745049,0.189216,0.000000,0.000000,0.000000,0.000000,0.000000,0.000000,0.000000,0.000000
30.123636,-49.352093,0.189216,0.000000,0.000000,0.000000,0.000000,0.000000,0.000000,0.000000,0.000000
30.123636,-49.352093,0.189216,0.000000,0.000000,0.000000,0.000000,0.000000,0.000000,0.000000,0.000000
35.977760,-53.946503,0.212583,0.000000,0.000000,0.000000,0.000000,0.000000,0.000000,0.000000,0.000000
36.968590,-52.955669,0.214810,0.000000,0.000000,0.000000,0.000000,0.000000,0.000000,0.000000,0.000000
30.123636,-49.352093,0.189216,0.000000,0.000000,0.000000,0.000000,0.000000,0.000000,0.000000,0.000000
29.775736,-49.699993,0.189216,0.000000,0.000000,0.000000,0.000000,0.000000,0.000000,0.000000,0.000000
35.977760,-53.946503,0.212583,0.000000,0.000000,0.000000,0.000000,0.000000,0.000000,0.000000,0.000000
35.977760,-53.946503,0.212583,0.000000,0.000000,0.000000,0.000000,0.000000,0.000000,0.000000,0.000000
29.775736,-49.699993,0.189216,0.000000,0.000000,0.000000,0.000000,0.000000,0.000000,0.000000,0.000000
28.875736,-49.699993,0.189216,0.000000,0.000000,0.000000,0.000000,0.000000,0.000000,0.000000,0.000000
28.875736,-49.699993,0.189216,0.000000,0.000000,0.000000,0.000000,0.000000,0.000000,0.000000,0.000000
31.675121,-56.269836,0.212583,0.000000,0.000000,0.000000,0.000000,0.000000,0.000000,0.000000,0.000000
35.977760,-53.946503,0.212583,0.000000,0.000000,0.000000,0.000000,0.000000,0.000000,0.000000,0.000000
28.875736,-49.699993,0.189216,0.000000,0.000000,0.000000,0.000000,0.000000,0.000000,0.000000,0.000000
28.841383,-57.799995,0.212583,0.000000,0.000000,0.000000,0.000000,0.000000,0.000000,0.000000,0.000000
31.675121,-56.269836,0.212583,0.000000,0.000000,0.000000,0.000000,0.000000,0.000000,0.000000,0.000000
28.875736,-49.699993,0.189216,0.000000,0.000000,0.000000,0.000000,0.000000,0.000000,0.000000,0.000000
28.352097,-50.223637,0.189216,0.000000,0.000000,0.000000,0.000000,0.000000,0.000000,0.000000,0.000000
28.841383,-57.799995,0.212583,0.000000,0.000000,0.000000,0.000000,0.000000,0.000000,0.000000,0.000000
28.352097,-50.223637,0.189216,0.000000,0.000000,0.000000,0.000000,0.000000,0.000000,0.000000,0.000000
27.700001,-50.354057,0.189216,0.000000,0.000000,0.000000,0.000000,0.000000,0.000000,0.000000,0.000000
28.841383,-57.799995,0.212583,0.000000,0.000000,0.000000,0.000000,0.000000,0.000000,0.000000,0.000000
28.841383,-57.799995,0.212583,0.000000,0.000000,0.000000,0.000000,0.000000,0.000000,0.000000,0.000000
27.700001,-50.354057,0.189216,0.000000,0.000000,0.000000,0.000000,0.000000,0.000000,0.000000,0.000000
26.952770,-50.427025,0.214362,0.000000,0.000000,0.000000,0.000000,0.000000,0.000000,0.000000,0.000000
26.952770,-50.427025,0.214362,0.000000,0.000000,0.000000,0.000000,0.000000,0.000000,0.000000,0.000000
27.532970,-58.142860,0.226046,0.000000,0.000000,0.000000,0.000000,0.000000,0.000000,0.000000,0.000000
28.841383,-57.799995,0.212583,0.000000,0.000000,0.000000,0.000000,0.000000,0.000000,0.000000,0.000000
27.532970,-58.142860,0.226046,0.000000,0.000000,0.000000,0.000000,0.000000,0.000000,0.000000,0.000000
26.952770,-50.427025,0.214362,0.000000,0.000000,0.000000,0.000000,0.000000,0.000000,0.000000,0.000000
26.205544,-50.499989,0.239509,0.000000,0.000000,0.000000,0.000000,0.000000,0.000000,0.000000,0.000000
26.205544,-50.499989,0.239509,0.000000,0.000000,0.000000,0.000000,0.000000,0.000000,0.000000,0.000000
26.224560,-58.485722,0.239509,0.000000,0.000000,0.000000,0.000000,0.000000,0.000000,0.000000,0.000000
27.532970,-58.142860,0.226046,0.000000,0.000000,0.000000,0.000000,0.000000,0.000000,0.000000,0.000000
26.224560,-58.485722,0.239509,0.000000,0.000000,0.000000,0.000000,0.000000,0.000000,0.000000,0.000000
26.205544,-50.499989,0.239509,0.000000,0.000000,0.000000,0.000000,0.000000,0.000000,0.000000,0.000000
25.711786,-50.499992,0.238662,0.000000,0.000000,0.000000,0.000000,0.000000,0.000000,0.000000,0.000000
25.711786,-50.499992,0.238662,0.000000,0.000000,0.000000,0.000000,0.000000,0.000000,0.000000,0.000000
25.457848,-58.838631,0.217077,0.000000,0.000000,0.000000,0.000000,0.000000,0.000000,0.000000,0.000000
26.224560,-58.485722,0.239509,0.000000,0.000000,0.000000,0.000000,0.000000,0.000000,0.000000,0.000000
25.457848,-58.838631,0.217077,0.000000,0.000000,0.000000,0.000000,0.000000,0.000000,0.000000,0.000000
25.711786,-50.499992,0.238662,0.000000,0.000000,0.000000,0.000000,0.000000,0.000000,0.000000,0.000000
24.599276,-50.499992,0.228337,0.000000,0.000000,0.000000,0.000000,0.000000,0.000000,0.000000,0.000000
24.599276,-50.499992,0.228337,0.000000,0.000000,0.000000,0.000000,0.000000,0.000000,0.000000,0.000000
24.072382,-59.191536,0.228337,0.000000,0.000000,0.000000,0.000000,0.000000,0.000000,0.000000,0.000000
25.457848,-58.838631,0.217077,0.000000,0.000000,0.000000,0.000000,0.000000,0.000000,0.000000,0.000000
24.072382,-59.191536,0.228337,0.000000,0.000000,0.000000,0.000000,0.000000,0.000000,0.000000,0.000000
24.599276,-50.499992,0.228337,0.000000,0.000000,0.000000,0.000000,0.000000,0.000000,0.000000,0.000000
22.900005,-56.275730,0.217888,0.000000,0.000000,0.000000,0.000000,0.000000,0.000000,0.000000,0.000000
22.775738,-56.400002,0.217888,0.000000,0.000000,0.000000,0.000000,0.000000,0.000000,0.000000,0.000000
24.072382,-59.191536,0.228337,0.000000,0.000000,0.000000,0.000000,0.000000,0.000000,0.000000,0.000000
22.900005,-56.275730,0.217888,0.000000,0.000000,0.000000,0.000000,0.000000,0.000000,0.000000,0.000000
24.599276,-50.499992,0.228337,0.000000,0.000000,0.000000,0.000000,0.000000,0.000000,0.000000,0.000000
22.900005,-56.060036,0.217888,0.000000,0.000000,0.000000,0.000000,0.000000,0.000000,0.000000,0.000000
22.900005,-56.275730,0.217888,0.000000,0.000000,0.000000,0.000000,0.000000,0.000000,0.000000,0.000000
22.775738,-56.400002,0.217888,0.000000,0.000000,0.000000,0.000000,0.000000,0.000000,0.000000,0.000000
19.914074,-57.930672,0.189216,0.000000,0.000000,0.000000,0.000000,0.000000,0.000000,0.000000,0.000000
24.072382,-59.191536,0.228337,0.000000,0.000000,0.000000,0.000000,0.000000,0.000000,0.000000,0.000000
22.775738,-56.400002,0.217888,0.000000,0.000000,0.000000,0.000000,0.000000,0.000000,0.000000,0.000000
20.058224,-56.399994,0.189215,0.000000,0.000000,0.000000,0.000000,0.000000,0.000000,0.000000,0.000000
19.914074,-57.930672,0.189216,0.000000,0.000000,0.000000,0.000000,0.000000,0.000000,0.000000,0.000000
20.058224,-56.399994,0.189215,0.000000,0.000000,0.000000,0.000000,0.000000,0.000000,0.000000,0.000000
19.914074,-56.506790,0.189215,0.000000,0.000000,0.000000,0.000000,0.000000,0.000000,0.000000,0.000000
19.914074,-57.930672,0.189216,0.000000,0.000000,0.000000,0.000000,0.000000,0.000000,0.000000,0.000000
19.914074,-57.930672,0.189216,0.000000,0.000000,0.000000,0.000000,0.000000,0.000000,0.000000,0.000000
19.928993,-59.999996,0.189216,0.000000,0.000000,0.000000,0.000000,0.000000,0.000000,0.000000,0.000000
24.072382,-59.191536,0.228337,0.000000,0.000000,0.000000,0.000000,0.000000,0.000000,0.000000,0.000000
19.914074,-57.930672,0.189216,0.000000,0.000000,0.000000,0.000000,0.000000,0.000000,0.000000,0.000000
18.000000,-59.999996,0.189216,0.000000,0.000000,0.000000,0.000000,0.000000,0.000000,0.000000,0.000000
19.928993,-59.999996,0.189216,0.000000,0.000000,0.000000,0.000000,0.000000,0.000000,0.000000,0.000000
19.914074,-57.930672,0.189216,0.000000,0.000000,0.000000,0.000000,0.000000,0.000000,0.000000,0.000000
18.000000,-59.134804,0.189216,0.000000,0.000000,0.000000,0.000000,0.000000,0.000000,0.000000,0.000000
18.000000,-59.999996,0.189216,0.000000,0.000000,0.000000,0.000000,0.000000,0.000000,0.000000,0.000000
24.599276,-50.499992,0.228337,0.000000,0.000000,0.000000,0.000000,0.000000,0.000000,0.000000,0.000000
22.900005,-51.946022,0.217888,0.000000,0.000000,0.000000,0.000000,0.000000,0.000000,0.000000,0.000000
22.900005,-56.060036,0.217888,0.000000,0.000000,0.000000,0.000000,0.000000,0.000000,0.000000,0.000000
24.599276,-50.499992,0.228337,0.000000,0.000000,0.000000,0.000000,0.000000,0.000000,0.000000,0.000000
22.900005,-51.724266,0.217888,0.000000,0.000000,0.000000,0.000000,0.000000,0.000000,0.000000,0.000000
22.900005,-51.946022,0.217888,0.000000,0.000000,0.000000,0.000000,0.000000,0.000000,0.000000,0.000000
22.900005,-56.060036,0.217888,0.000000,0.000000,0.000000,0.000000,0.000000,0.000000,0.000000,0.000000
22.900005,-51.946022,0.217888,0.000000,0.000000,0.000000,0.000000,0.000000,0.000000,0.000000,0.000000
22.624044,-52.166672,0.247760,0.000000,0.000000,0.000000,0.000000,0.000000,0.000000,0.000000,0.000000
24.599276,-50.499992,0.228337,0.000000,0.000000,0.000000,0.000000,0.000000,0.000000,0.000000,0.000000
22.675739,-51.500004,0.217888,0.000000,0.000000,0.000000,0.000000,0.000000,0.000000,0.000000,0.000000
22.900005,-51.724266,0.217888,0.000000,0.000000,0.000000,0.000000,0.000000,0.000000,0.000000,0.000000
24.599276,-50.499992,0.228337,0.000000,0.000000,0.000000,0.000000,0.000000,0.000000,0.000000,0.000000
19.999998,-50.499992,0.189216,0.000000,0.000000,0.000000,0.000000,0.000000,0.000000,0.000000,0.000000
22.675739,-51.500004,0.217888,0.000000,0.000000,0.000000,0.000000,0.000000,0.000000,0.000000,0.000000
19.999998,-50.499992,0.189216,0.000000,0.000000,0.000000,0.000000,0.000000,0.000000,0.000000,0.000000
19.999998,-51.499992,0.189216,0.000000,0.000000,0.000000,0.000000,0.000000,0.000000,0.000000,0.000000
22.675739,-51.500004,0.217888,0.000000,0.000000,0.000000,0.000000,0.000000,0.000000,0.000000,0.000000
22.624044,-52.166672,0.247760,0.000000,0.000000,0.000000,0.000000,0.000000,0.000000,0.000000,0.000000
22.629257,-55.857288,0.247760,0.000000,0.000000,0.000000,0.000000,0.000000,0.000000,0.000000,0.000000
22.900005,-56.060036,0.217888,0.000000,0.000000,0.000000,0.000000,0.000000,0.000000,0.000000,0.000000
22.629257,-55.857288,0.247760,0.000000,0.000000,0.000000,0.000000,0.000000,0.000000,0.000000,0.000000
22.624044,-52.166672,0.247760,0.000000,0.000000,0.000000,0.000000,0.000000,0.000000,0.000000,0.000000
20.081949,-52.166664,1.004635,0.000000,0.000000,0.000000,0.000000,0.000000,0.000000,0.000000,0.000000
20.081949,-52.166664,1.004635,0.000000,0.000000,0.000000,0.000000,0.000000,0.000000,0.000000,0.000000
20.081945,-55.857296,1.004635,0.000000,0.000000,0.000000,0.000000,0.000000,0.000000,0.000000,0.000000
22.629257,-55.857288,0.247760,0.000000,0.000000,0.000000,0.000000,0.000000,0.000000,0.000000,0.000000
19.781750,-55.857288,1.004635,0.000000,0.000000,0.000000,0.000000,0.000000,0.000000,0.000000,0.000000
20.081945,-55.857296,1.004635,0.000000,0.000000,0.000000,0.000000,0.000000,0.000000,0.000000,0.000000
20.081949,-52.166664,1.004635,0.000000,0.000000,0.000000,0.000000,0.000000,0.000000,0.000000,0.000000
20.081949,-52.166664,1.004635,0.000000,0.000000,0.000000,0.000000,0.000000,0.000000,0.000000,0.000000
19.781750,-52.166664,1.004635,0.000000,0.000000,0.000000,0.000000,0.000000,0.000000,0.000000,0.000000
19.781750,-55.857288,1.004635,0.000000,0.000000,0.000000,0.000000,0.000000,0.000000,0.000000,0.000000
46.351284,-40.849297,0.189216,0.000000,0.000000,0.000000,0.000000,0.000000,0.000000,0.000000,0.000000
45.476990,-41.248909,0.189216,0.000000,0.000000,0.000000,0.000000,0.000000,0.000000,0.000000,0.000000
45.943886,-41.330120,0.189216,0.000000,0.000000,0.000000,0.000000,0.000000,0.000000,0.000000,0.000000
46.351284,-40.849297,0.189216,0.000000,0.000000,0.000000,0.000000,0.000000,0.000000,0.000000,0.000000
46.483177,-36.624069,0.189216,0.000000,0.000000,0.000000,0.000000,0.000000,0.000000,0.000000,0.000000
45.476990,-41.248909,0.189216,0.000000,0.000000,0.000000,0.000000,0.000000,0.000000,0.000000,0.000000
46.351284,-40.849297,0.189216,0.000000,0.000000,0.000000,0.000000,0.000000,0.000000,0.000000,0.000000
51.205170,-38.249527,0.189216,0.000000,0.000000,0.000000,0.000000,0.000000,0.000000,0.000000,0.000000
46.483177,-36.624069,0.189216,0.000000,0.000000,0.000000,0.000000,0.000000,0.000000,0.000000,0.000000
45.476990,-41.248909,0.189216,0.000000,0.000000,0.000000,0.000000,0.000000,0.000000,0.000000,0.000000
46.483177,-36.624069,0.189216,0.000000,0.000000,0.000000,0.000000,0.000000,0.000000,0.000000,0.000000
46.374977,-36.586815,0.189216,0.000000,0.000000,0.000000,0.000000,0.000000,0.000000,0.000000,0.000000
48.275246,-31.918951,0.189216,0.000000,0.000000,0.000000,0.000000,0.000000,0.000000,0.000000,0.000000
46.483177,-36.624069,0.189216,0.000000,0.000000,0.000000,0.000000,0.000000,0.000000,0.000000,0.000000
51.205170,-38.249527,0.189216,0.000000,0.000000,0.000000,0.000000,0.000000,0.000000,0.000000,0.000000
46.374977,-36.586815,0.189216,0.000000,0.000000,0.000000,0.000000,0.000000,0.000000,0.000000,0.000000
46.483177,-36.624069,0.189216,0.000000,0.000000,0.000000,0.000000,0.000000,0.000000,0.000000,0.000000
48.275246,-31.918951,0.189216,0.000000,0.000000,0.000000,0.000000,0.000000,0.000000,0.000000,0.000000
46.374977,-36.586815,0.189216,0.000000,0.000000,0.000000,0.000000,0.000000,0.000000,0.000000,0.000000
41.072807,-34.761639,0.189216,0.000000,0.000000,0.000000,0.000000,0.000000,0.000000,0.000000,0.000000
45.476990,-41.248909,0.189216,0.000000,0.000000,0.000000,0.000000,0.000000,0.000000,0.000000,0.000000
40.783653,-33.026741,0.189216,0.000000,0.000000,0.000000,0.000000,0.000000,0.000000,0.000000,0.000000
41.072807,-34.761639,0.189216,0.000000,0.000000,0.000000,0.000000,0.000000,0.000000,0.000000,0.000000
46.374977,-36.586815,0.189216,0.000000,0.000000,0.000000,0.000000,0.000000,0.000000,0.000000,0.000000
40.783653,-33.026741,0.189216,0.000000,0.000000,0.000000,0.000000,0.000000,0.000000,0.000000,0.000000
46.374977,-36.586815,0.189216,0.000000,0.000000,0.000000,0.000000,0.000000,0.000000,0.000000,0.000000
48.275246,-31.918951,0.189216,0.000000,0.000000,0.000000,0.000000,0.000000,0.000000,0.000000,0.000000
40.783653,-33.026741,0.189216,0.000000,0.000000,0.000000,0.000000,0.000000,0.000000,0.000000,0.000000
48.275246,-31.918951,0.189216,0.000000,0.000000,0.000000,0.000000,0.000000,0.000000,0.000000,0.000000
41.059059,-32.341091,0.189216,0.000000,0.000000,0.000000,0.000000,0.000000,0.000000,0.000000,0.000000
41.059048,-31.594982,0.189216,0.000000,0.000000,0.000000,0.000000,0.000000,0.000000,0.000000,0.000000
41.059059,-32.341091,0.189216,0.000000,0.000000,0.000000,0.000000,0.000000,0.000000,0.000000,0.000000
48.275246,-31.918951,0.189216,0.000000,0.000000,0.000000,0.000000,0.000000,0.000000,0.000000,0.000000
39.553471,-36.222233,0.189216,0.000000,0.000000,0.000000,0.000000,0.000000,0.000000,0.000000,0.000000
45.476990,-41.248909,0.189216,0.000000,0.000000,0.000000,0.000000,0.000000,0.000000,0.000000,0.000000
41.072807,-34.761639,0.189216,0.000000,0.000000,0.000000,0.000000,0.000000,0.000000,0.000000,0.000000
39.553471,-36.222233,0.189216,0.000000,0.000000,0.000000,0.000000,0.000000,0.000000,0.000000,0.000000
41.072807,-34.761639,0.189216,0.000000,0.000000,0.000000,0.000000,0.000000,0.000000,0.000000,0.000000
39.866043,-35.597092,0.189216,0.000000,0.000000,0.000000,0.000000,0.000000,0.000000,0.000000,0.000000
39.553471,-36.222233,0.189216,0.000000,0.000000,0.000000,0.000000,0.000000,0.000000,0.000000,0.000000
44.906254,-41.434605,0.189216,0.000000,0.000000,0.000000,0.000000,0.000000,0.000000,0.000000,0.000000
45.476990,-41.248909,0.189216,0.000000,0.000000,0.000000,0.000000,0.000000,0.000000,0.000000,0.000000
40.409096,-39.595165,0.189216,0.000000,0.000000,0.000000,0.000000,0.000000,0.000000,0.000000,0.000000
44.906254,-41.434605,0.189216,0.000000,0.000000,0.000000,0.000000,0.000000,0.000000,0.000000,0.000000
39.553471,-36.222233,0.189216,0.000000,0.000000,0.000000,0.000000,0.000000,0.000000,0.000000,0.000000
39.553471,-36.222233,0.189216,0.000000,0.000000,0.000000,0.000000,0.000000,0.000000,0.000000,0.000000
38.306107,-37.090511,0.189216,0.000000,0.000000,0.000000,0.000000,0.000000,0.000000,0.000000,0.000000
40.409096,-39.595165,0.189216,0.000000,0.000000,0.000000,0.000000,0.000000,0.000000,0.000000,0.000000
48.275246,-31.918951,0.189216,0.000000,0.000000,0.000000,0.000000,0.000000,0.000000,0.000000,0.000000
48.054844,-31.594982,0.189216,0.000000,0.000000,0.000000,0.000000,0.000000,0.000000,0.000000,0.000000
41.059048,-31.594982,0.189216,0.000000,0.000000,0.000000,0.000000,0.000000,0.000000,0.000000,0.000000
41.059048,-31.594982,0.189216,0.000000,0.000000,0.000000,0.000000,0.000000,0.000000,0.000000,0.000000
48.054844,-31.594982,0.189216,0.000000,0.000000,0.000000,0.000000,0.000000,0.000000,0.000000,0.000000
48.054840,-29.000008,0.189216,0.000000,0.000000,0.000000,0.000000,0.000000,0.000000,0.000000,0.000000
41.059048,-31.594982,0.189216,0.000000,0.000000,0.000000,0.000000,0.000000,0.000000,0.000000,0.000000
48.054840,-29.000008,0.189216,0.000000,0.000000,0.000000,0.000000,0.000000,0.000000,0.000000,0.000000
41.000000,-29.000008,0.189216,0.000000,0.000000,0.000000,0.000000,0.000000,0.000000,0.000000,0.000000
41.059048,-31.594982,0.189216,0.000000,0.000000,0.000000,0.000000,0.000000,0.000000,0.000000,0.000000
41.000000,-29.000008,0.189216,0.000000,0.000000,0.000000,0.000000,0.000000,0.000000,0.000000,0.000000
40.928585,-30.418665,0.189216,0.000000,0.000000,0.000000,0.000000,0.000000,0.000000,0.000000,0.000000
38.306107,-37.090511,0.189216,0.000000,0.000000,0.000000,0.000000,0.000000,0.000000,0.000000,0.000000
38.842300,-38.414730,-0.010790,0.000000,0.000000,0.000000,0.000000,0.000000,0.000000,0.000000,0.000000
40.409096,-39.595165,0.189216,0.000000,0.000000,0.000000,0.000000,0.000000,0.000000,0.000000,0.000000
38.306107,-37.090511,0.189216,0.000000,0.000000,0.000000,0.000000,0.000000,0.000000,0.000000,0.000000
38.533775,-38.367081,-0.029532,0.000000,0.000000,0.000000,0.000000,0.000000,0.000000,0.000000,0.000000
38.842300,-38.414730,-0.010790,0.000000,0.000000,0.000000,0.000000,0.000000,0.000000,0.000000,0.000000
39.022491,-39.445850,-0.000030,0.000000,0.000000,0.000000,0.000000,0.000000,0.000000,0.000000,0.000000
38.842300,-38.414730,-0.010790,0.000000,0.000000,0.000000,0.000000,0.000000,0.000000,0.000000,0.000000
38.533775,-38.367081,-0.029532,0.000000,0.000000,0.000000,0.000000,0.000000,0.000000,0.000000,0.000000
38.842300,-38.414730,-0.010790,0.000000,0.000000,0.000000,0.000000,0.000000,0.000000,0.000000,0.000000
39.022491,-39.445850,-0.000030,0.000000,0.000000,0.000000,0.000000,0.000000,0.000000,0.000000,0.000000
40.409096,-39.595165,0.189216,0.000000,0.000000,0.000000,0.000000,0.000000,0.000000,0.000000,0.000000
38.533775,-38.367081,-0.029532,0.000000,0.000000,0.000000,0.000000,0.000000,0.000000,0.000000,0.000000
38.714809,-39.382202,-0.044435,0.000000,0.000000,0.000000,0.000000,0.000000,0.000000,0.000000,0.000000
39.022491,-39.445850,-0.000030,0.000000,0.000000,0.000000,0.000000,0.000000,0.000000,0.000000,0.000000
39.022491,-39.445850,-0.000030,0.000000,0.000000,0.000000,0.000000,0.000000,0.000000,0.000000,0.000000
38.714809,-39.382202,-0.044435,0.000000,0.000000,0.000000,0.000000,0.000000,0.000000,0.000000,0.000000
38.568844,-40.090549,-0.078233,0.000000,0.000000,0.000000,0.000000,0.000000,0.000000,0.000000,0.000000
40.409096,-39.595165,0.189216,0.000000,0.000000,0.000000,0.000000,0.000000,0.000000,0.000000,0.000000
39.022491,-39.445850,-0.000030,0.000000,0.000000,0.000000,0.000000,0.000000,0.000000,0.000000,0.000000
38.986496,-40.194019,-0.010791,0.000000,0.000000,0.000000,0.000000,0.000000,0.000000,0.000000,0.000000
38.568844,-40.090549,-0.078233,0.000000,0.000000,0.000000,0.000000,0.000000,0.000000,0.000000,0.000000
38.986496,-40.194019,-0.010791,0.000000,0.000000,0.000000,0.000000,0.000000,0.000000,0.000000,0.000000
39.022491,-39.445850,-0.000030,0.000000,0.000000,0.000000,0.000000,0.000000,0.000000,0.000000,0.000000
38.986496,-40.194019,-0.010791,0.000000,0.000000,0.000000,0.000000,0.000000,0.000000,0.000000,0.000000
39.799831,-41.996956,0.189216,0.000000,0.000000,0.000000,0.000000,0.000000,0.000000,0.000000,0.000000
40.409096,-39.595165,0.189216,0.000000,0.000000,0.000000,0.000000,0.000000,0.000000,0.000000,0.000000
38.986496,-40.194019,-0.010791,0.000000,0.000000,0.000000,0.000000,0.000000,0.000000,0.000000,0.000000
38.568844,-40.090549,-0.078233,0.000000,0.000000,0.000000,0.000000,0.000000,0.000000,0.000000,0.000000
37.870056,-41.405518,-0.097610,0.000000,0.000000,0.000000,0.000000,0.000000,0.000000,0.000000,0.000000
39.799831,-41.996956,0.189216,0.000000,0.000000,0.000000,0.000000,0.000000,0.000000,0.000000,0.000000
38.986496,-40.194019,-0.010791,0.000000,0.000000,0.000000,0.000000,0.000000,0.000000,0.000000,0.000000
38.568558,-41.654831,-0.010790,0.000000,0.000000,0.000000,0.000000,0.000000,0.000000,0.000000,0.000000
37.870056,-41.405518,-0.097610,0.000000,0.000000,0.000000,0.000000,0.000000,0.000000,0.000000,0.000000
38.568558,-41.654831,-0.010790,0.000000,0.000000,0.000000,0.000000,0.000000,0.000000,0.000000,0.000000
38.986496,-40.194019,-0.010791,0.000000,0.000000,0.000000,0.000000,0.000000,0.000000,0.000000,0.000000
39.799831,-41.996956,0.189216,0.000000,0.000000,0.000000,0.000000,0.000000,0.000000,0.000000,0.000000
38.568558,-41.654831,-0.010790,0.000000,0.000000,0.000000,0.000000,0.000000,0.000000,0.000000,0.000000
37.217884,-43.346092,-0.010791,0.000000,0.000000,0.000000,0.000000,0.000000,0.000000,0.000000,0.000000
37.217884,-43.346092,-0.010791,0.000000,0.000000,0.000000,0.000000,0.000000,0.000000,0.000000,0.000000
38.568558,-41.654831,-0.010790,0.000000,0.000000,0.000000,0.000000,0.000000,0.000000,0.000000,0.000000
37.870056,-41.405518,-0.097610,0.000000,0.000000,0.000000,0.000000,0.000000,0.000000,0.000000,0.000000
60.914593,-37.628780,0.189216,0.000000,0.000000,0.000000,0.000000,0.000000,0.000000,0.000000,0.000000
61.001968,-37.803539,0.189216,0.000000,0.000000,0.000000,0.000000,0.000000,0.000000,0.000000,0.000000
62.448303,-37.875473,0.189216,0.000000,0.000000,0.000000,0.000000,0.000000,0.000000,0.000000,0.000000
60.914593,-37.628780,0.189216,0.000000,0.000000,0.000000,0.000000,0.000000,0.000000,0.000000,0.000000
62.448303,-37.875473,0.189216,0.000000,0.000000,0.000000,0.000000,0.000000,0.000000,0.000000,0.000000
75.113281,-35.838852,0.189216,0.000000,0.000000,0.000000,0.000000,0.000000,0.000000,0.000000,0.000000
60.914593,-37.628780,0.189216,0.000000,0.000000,0.000000,0.000000,0.000000,0.000000,0.000000,0.000000
75.113281,-35.838852,0.189216,0.000000,0.000000,0.000000,0.000000,0.000000,0.000000,0.000000,0.000000
65.024269,-31.299995,0.189216,0.000000,0.000000,0.000000,0.000000,0.000000,0.000000,0.000000,0.000000
62.448303,-37.875473,0.189216,0.000000,0.000000,0.000000,0.000000,0.000000,0.000000,0.000000,0.000000
70.124260,-40.000004,0.189216,0.000000,0.000000,0.000000,0.000000,0.000000,0.000000,0.000000,0.000000
75.113281,-35.838852,0.189216,0.000000,0.000000,0.000000,0.000000,0.000000,0.000000,0.000000,0.000000
62.448303,-37.875473,0.189216,0.000000,0.000000,0.000000,0.000000,0.000000,0.000000,0.000000,0.000000
62.741394,-38.147942,0.189216,0.000000,0.000000,0.000000,0.000000,0.000000,0.000000,0.000000,0.000000
70.124260,-40.000004,0.189216,0.000000,0.000000,0.000000,0.000000,0.000000,0.000000,0.000000,0.000000
75.113281,-35.838852,0.189216,0.000000,0.000000,0.000000,0.000000,0.000000,0.000000,0.000000,0.000000
74.689407,-35.556278,0.189216,0.000000,0.000000,0.000000,0.000000,0.000000,0.000000,0.000000,0.000000
65.024269,-31.299995,0.189216,0.000000,0.000000,0.000000,0.000000,0.000000,0.000000,0.000000,0.000000
74.689407,-35.556278,0.189216,0.000000,0.000000,0.000000,0.000000,0.000000,0.000000,0.000000,0.000000
73.880684,-34.193291,0.189216,0.000000,0.000000,0.000000,0.000000,0.000000,0.000000,0.000000,0.000000
65.024269,-31.299995,0.189216,0.000000,0.000000,0.000000,0.000000,0.000000,0.000000,0.000000,0.000000
73.880684,-34.193291,0.189216,0.000000,0.000000,0.000000,0.000000,0.000000,0.000000,0.000000,0.000000
73.295364,-32.701481,0.189216,0.000000,0.000000,0.000000,0.000000,0.000000,0.000000,0.000000,0.000000
65.024269,-31.299995,0.189216,0.000000,0.000000,0.000000,0.000000,0.000000,0.000000,0.000000,0.000000
73.295364,-32.701481,0.189216,0.000000,0.000000,0.000000,0.000000,0.000000,0.000000,0.000000,0.000000
72.802414,-31.299999,0.189216,0.000000,0.000000,0.000000,0.000000,0.000000,0.000000,0.000000,0.000000
65.024269,-31.299995,0.189216,0.000000,0.000000,0.000000,0.000000,0.000000,0.000000,0.000000,0.000000
73.295364,-32.701481,0.189216,0.000000,0.000000,0.000000,0.000000,0.000000,0.000000,0.000000,0.000000
73.115456,-31.620237,0.189216,0.000000,0.000000,0.000000,0.000000,0.000000,0.000000,0.000000,0.000000
72.802414,-31.299999,0.189216,0.000000,0.000000,0.000000,0.000000,0.000000,0.000000,0.000000,0.000000
70.124260,-40.000004,0.189216,0.000000,0.000000,0.000000,0.000000,0.000000,0.000000,0.000000,0.000000
75.900009,-36.328594,0.189216,0.000000,0.000000,0.000000,0.000000,0.000000,0.000000,0.000000,0.000000
75.113281,-35.838852,0.189216,0.000000,0.000000,0.000000,0.000000,0.000000,0.000000,0.000000,0.000000
75.900009,-36.328594,0.189216,0.000000,0.000000,0.000000,0.000000,0.000000,0.000000,0.000000,0.000000
75.613251,-35.704300,0.189216,0.000000,0.000000,0.000000,0.000000,0.000000,0.000000,0.000000,0.000000
75.113281,-35.838852,0.189216,0.000000,0.000000,0.000000,0.000000,0.000000,0.000000,0.000000,0.000000
62.741394,-38.147942,0.189216,0.000000,0.000000,0.000000,0.000000,0.000000,0.000000,0.000000,0.000000
66.924263,-42.099998,0.189216,0.000000,0.000000,0.000000,0.000000,0.000000,0.000000,0.000000,0.000000
70.124260,-40.000004,0.189216,0.000000,0.000000,0.000000,0.000000,0.000000,0.000000,0.000000,0.000000
66.924263,-42.099998,0.189216,0.000000,0.000000,0.000000,0.000000,0.000000,0.000000,0.000000,0.000000
70.006973,-40.117283,0.189216,0.000000,0.000000,0.000000,0.000000,0.000000,0.000000,0.000000,0.000000
70.124260,-40.000004,0.189216,0.000000,0.000000,0.000000,0.000000,0.000000,0.000000,0.000000,0.000000
66.924263,-42.099998,0.189216,0.000000,0.000000,0.000000,0.000000,0.000000,0.000000,0.000000,0.000000
70.117134,-42.099998,0.189216,0.000000,0.000000,0.000000,0.000000,0.000000,0.000000,0.000000,0.000000
70.006973,-40.117283,0.189216,0.000000,0.000000,0.000000,0.000000,0.000000,0.000000,0.000000,0.000000
70.124260,-40.000004,0.189216,0.000000,0.000000,0.000000,0.000000,0.000000,0.000000,0.000000,0.000000
71.975746,-40.000004,0.189216,0.000000,0.000000,0.000000,0.000000,0.000000,0.000000,0.000000,0.000000
75.900009,-36.328594,0.189216,0.000000,0.000000,0.000000,0.000000,0.000000,0.000000,0.000000,0.000000
62.741394,-38.147942,0.189216,0.000000,0.000000,0.000000,0.000000,0.000000,0.000000,0.000000,0.000000
63.000000,-42.284901,0.189216,0.000000,0.000000,0.000000,0.000000,0.000000,0.000000,0.000000,0.000000
66.924263,-42.099998,0.189216,0.000000,0.000000,0.000000,0.000000,0.000000,0.000000,0.000000,0.000000
62.741394,-38.147942,0.189216,0.000000,0.000000,0.000000,0.000000,0.000000,0.000000,0.000000,0.000000
62.741394,-42.077522,0.189216,0.000000,0.000000,0.000000,0.000000,0.000000,0.000000,0.000000,0.000000
63.000000,-42.284901,0.189216,0.000000,0.000000,0.000000,0.000000,0.000000,0.000000,0.000000,0.000000
63.000000,-42.284901,0.189216,0.000000,0.000000,0.000000,0.000000,0.000000,0.000000,0.000000,0.000000
66.800003,-42.284901,0.189216,0.000000,0.000000,0.000000,0.000000,0.000000,0.000000,0.000000,0.000000
66.924263,-42.099998,0.189216,0.000000,0.000000,0.000000,0.000000,0.000000,0.000000,0.000000,0.000000
66.800003,-42.775734,0.189216,0.000000,0.000000,0.000000,0.000000,0.000000,0.000000,0.000000,0.000000
66.800003,-42.284901,0.189216,0.000000,0.000000,0.000000,0.000000,0.000000,0.000000,0.000000,0.000000
63.000000,-42.284901,0.189216,0.000000,0.000000,0.000000,0.000000,0.000000,0.000000,0.000000,0.000000
63.000000,-42.284901,0.189216,0.000000,0.000000,0.000000,0.000000,0.000000,0.000000,0.000000,0.000000
63.000000,-42.775734,0.189216,0.000000,0.000000,0.000000,0.000000,0.000000,0.000000,0.000000,0.000000
66.800003,-42.775734,0.189216,0.000000,0.000000,0.000000,0.000000,0.000000,0.000000,0.000000,0.000000
66.800003,-42.775734,0.189216,0.000000,0.000000,0.000000,0.000000,0.000000,0.000000,0.000000,0.000000
63.000000,-42.775734,0.189216,0.000000,0.000000,0.000000,0.000000,0.000000,0.000000,0.000000,0.000000
62.875736,-42.978085,0.189216,0.000000,0.000000,0.000000,0.000000,0.000000,0.000000,0.000000,0.000000
62.875736,-42.978085,0.189216,0.000000,0.000000,0.000000,0.000000,0.000000,0.000000,0.000000,0.000000
66.924255,-42.990673,0.189216,0.000000,0.000000,0.000000,0.000000,0.000000,0.000000,0.000000,0.000000
66.800003,-42.775734,0.189216,0.000000,0.000000,0.000000,0.000000,0.000000,0.000000,0.000000,0.000000
71.975746,-40.000004,0.189216,0.000000,0.000000,0.000000,0.000000,0.000000,0.000000,0.000000,0.000000
75.224281,-40.000004,0.189216,0.000000,0.000000,0.000000,0.000000,0.000000,0.000000,0.000000,0.000000
75.900009,-36.328594,0.189216,0.000000,0.000000,0.000000,0.000000,0.000000,0.000000,0.000000,0.000000
75.224281,-40.000004,0.189216,0.000000,0.000000,0.000000,0.000000,0.000000,0.000000,0.000000,0.000000
75.900009,-39.999996,0.189216,0.000000,0.000000,0.000000,0.000000,0.000000,0.000000,0.000000,0.000000
75.900009,-36.328594,0.189216,0.000000,0.000000,0.000000,0.000000,0.000000,0.000000,0.000000,0.000000
75.100006,-40.124271,0.189216,0.000000,0.000000,0.000000,0.000000,0.000000,0.000000,0.000000,0.000000
75.224281,-40.000004,0.189216,0.000000,0.000000,0.000000,0.000000,0.000000,0.000000,0.000000,0.000000
71.975746,-40.000004,0.189216,0.000000,0.000000,0.000000,0.000000,0.000000,0.000000,0.000000,0.000000
71.975746,-40.000004,0.189216,0.000000,0.000000,0.000000,0.000000,0.000000,0.000000,0.000000,0.000000
72.099998,-40.124260,0.189216,0.000000,0.000000,0.000000,0.000000,0.000000,0.000000,0.000000,0.000000
75.100006,-40.124271,0.189216,0.000000,0.000000,0.000000,0.000000,0.000000,0.000000,0.000000,0.000000
75.100006,-40.623676,0.189216,0.000000,0.000000,0.000000,0.000000,0.000000,0.000000,0.000000,0.000000
75.100006,-40.124271,0.189216,0.000000,0.000000,0.000000,0.000000,0.000000,0.000000,0.000000,0.000000
72.099998,-40.124260,0.189216,0.000000,0.000000,0.000000,0.000000,0.000000,0.000000,0.000000,0.000000
72.099998,-40.124260,0.189216,0.000000,0.000000,0.000000,0.000000,0.000000,0.000000,0.000000,0.000000
72.099998,-40.623676,0.189216,0.000000,0.000000,0.000000,0.000000,0.000000,0.000000,0.000000,0.000000
75.100006,-40.623676,0.189216,0.000000,0.000000,0.000000,0.000000,0.000000,0.000000,0.000000,0.000000
75.224274,-40.799999,0.189216,0.000000,0.000000,0.000000,0.000000,0.000000,0.000000,0.000000,0.000000
75.100006,-40.623676,0.189216,0.000000,0.000000,0.000000,0.000000,0.000000,0.000000,0.000000,0.000000
72.099998,-40.623676,0.189216,0.000000,0.000000,0.000000,0.000000,0.000000,0.000000,0.000000,0.000000
72.099998,-40.623676,0.189216,0.000000,0.000000,0.000000,0.000000,0.000000,0.000000,0.000000,0.000000
71.641823,-40.798969,0.189216,0.000000,0.000000,0.000000,0.000000,0.000000,0.000000,0.000000,0.000000
75.224274,-40.799999,0.189216,0.000000,0.000000,0.000000,0.000000,0.000000,0.000000,0.000000,0.000000
75.224274,-40.799999,0.189216,0.000000,0.000000,0.000000,0.000000,0.000000,0.000000,0.000000,0.000000
71.641823,-40.798969,0.189216,0.000000,0.000000,0.000000,0.000000,0.000000,0.000000,0.000000,0.000000
71.507370,-42.692455,0.189216,0.000000,0.000000,0.000000,0.000000,0.000000,0.000000,0.000000,0.000000
75.224274,-40.799999,0.189216,0.000000,0.000000,0.000000,0.000000,0.000000,0.000000,0.000000,0.000000
71.507370,-42.692455,0.189216,0.000000,0.000000,0.000000,0.000000,0.000000,0.000000,0.000000,0.000000
82.262970,-40.799999,0.189216,0.000000,0.000000,0.000000,0.000000,0.000000,0.000000,0.000000,0.000000
71.507370,-42.692455,0.189216,0.000000,0.000000,0.000000,0.000000,0.000000,0.000000,0.000000,0.000000
77.424271,-47.899998,0.189216,0.000000,0.000000,0.000000,0.000000,0.000000,0.000000,0.000000,0.000000
82.262970,-40.799999,0.189216,0.000000,0.000000,0.000000,0.000000,0.000000,0.000000,0.000000,0.000000
77.300003,-48.024265,0.189216,0.000000,0.000000,0.000000,0.000000,0.000000,0.000000,0.000000,0.000000
77.424271,-47.899998,0.189216,0.000000,0.000000,0.000000,0.000000,0.000000,0.000000,0.000000,0.000000
71.507370,-42.692455,0.189216,0.000000,0.000000,0.000000,0.000000,0.000000,0.000000,0.000000,0.000000
77.424271,-47.899998,0.189216,0.000000,0.000000,0.000000,0.000000,0.000000,0.000000,0.000000,0.000000
82.262970,-47.899998,0.189216,0.000000,0.000000,0.000000,0.000000,0.000000,0.000000,0.000000,0.000000
82.262970,-40.799999,0.189216,0.000000,0.000000,0.000000,0.000000,0.000000,0.000000,0.000000,0.000000
77.300003,-56.525921,0.189216,0.000000,0.000000,0.000000,0.000000,0.000000,0.000000,0.000000,0.000000
77.300003,-48.024265,0.189216,0.000000,0.000000,0.000000,0.000000,0.000000,0.000000,0.000000,0.000000
71.507370,-42.692455,0.189216,0.000000,0.000000,0.000000,0.000000,0.000000,0.000000,0.000000,0.000000
77.300003,-59.512161,0.189216,0.000000,0.000000,0.000000,0.000000,0.000000,0.000000,0.000000,0.000000
77.300003,-56.525921,0.189216,0.000000,0.000000,0.000000,0.000000,0.000000,0.000000,0.000000,0.000000
71.507370,-42.692455,0.189216,0.000000,0.000000,0.000000,0.000000,0.000000,0.000000,0.000000,0.000000
77.300003,-56.525921,0.189216,0.000000,0.000000,0.000000,0.000000,0.000000,0.000000,0.000000,0.000000
77.300003,-59.512161,0.189216,0.000000,0.000000,0.000000,0.000000,0.000000,0.000000,0.000000,0.000000
77.457642,-59.382332,0.204635,0.000000,0.000000,0.000000,0.000000,0.000000,0.000000,0.000000,0.000000
77.457642,-59.382332,0.204635,0.000000,0.000000,0.000000,0.000000,0.000000,0.000000,0.000000,0.000000
77.456268,-56.652515,0.204635,0.000000,0.000000,0.000000,0.000000,0.000000,0.000000,0.000000,0.000000
77.300003,-56.525921,0.189216,0.000000,0.000000,0.000000,0.000000,0.000000,0.000000,0.000000,0.000000
77.456268,-56.652515,0.204635,0.000000,0.000000,0.000000,0.000000,0.000000,0.000000,0.000000,0.000000
77.457642,-59.382332,0.204635,0.000000,0.000000,0.000000,0.000000,0.000000,0.000000,0.000000,0.000000
78.983978,-59.382332,0.989218,0.000000,0.000000,0.000000,0.000000,0.000000,0.000000,0.000000,0.000000
78.983978,-59.382332,0.989218,0.000000,0.000000,0.000000,0.000000,0.000000,0.000000,0.000000,0.000000
78.983978,-56.652512,0.989218,0.000000,0.000000,0.000000,0.000000,0.000000,0.000000,0.000000,0.000000
77.456268,-56.652515,0.204635,0.000000,0.000000,0.000000,0.000000,0.000000,0.000000,0.000000,0.000000
81.181557,-56.652512,0.989218,0.000000,0.000000,0.000000,0.000000,0.000000,0.000000,0.000000,0.000000
78.983978,-56.652512,0.989218,0.000000,0.000000,0.000000,0.000000,0.000000,0.000000,0.000000,0.000000
78.983978,-59.382332,0.989218,0.000000,0.000000,0.000000,0.000000,0.000000,0.000000,0.000000,0.000000
78.983978,-59.382332,0.989218,0.000000,0.000000,0.000000,0.000000,0.000000,0.000000,0.000000,0.000000
81.180115,-59.382332,0.989218,0.000000,0.000000,0.000000,0.000000,0.000000,0.000000,0.000000,0.000000
81.181557,-56.652512,0.989218,0.000000,0.000000,0.000000,0.000000,0.000000,0.000000,0.000000,0.000000
81.181557,-56.652512,0.989218,0.000000,0.000000,0.000000,0.000000,0.000000,0.000000,0.000000,0.000000
81.180115,-59.382332,0.989218,0.000000,0.000000,0.000000,0.000000,0.000000,0.000000,0.000000,0.000000
81.299988,-59.498001,0.989218,0.000000,0.000000,0.000000,0.000000,0.000000,0.000000,0.000000,0.000000
82.262970,-40.799999,0.189216,0.000000,0.000000,0.000000,0.000000,0.000000,0.000000,0.000000,0.000000
82.262970,-47.899998,0.189216,0.000000,0.000000,0.000000,0.000000,0.000000,0.000000,0.000000,0.000000
88.075729,-47.899998,0.189216,0.000000,0.000000,0.000000,0.000000,0.000000,0.000000,0.000000,0.000000
81.299988,-59.498001,0.989218,0.000000,0.000000,0.000000,0.000000,0.000000,0.000000,0.000000,0.000000
81.299988,-56.540100,0.989218,0.000000,0.000000,0.000000,0.000000,0.000000,0.000000,0.000000,0.000000
81.181557,-56.652512,0.989218,0.000000,0.000000,0.000000,0.000000,0.000000,0.000000,0.000000,0.000000
77.300003,-59.512161,0.189216,0.000000,0.000000,0.000000,0.000000,0.000000,0.000000,0.000000,0.000000
71.507370,-42.692455,0.189216,0.000000,0.000000,0.000000,0.000000,0.000000,0.000000,0.000000,0.000000
72.276520,-60.032932,0.189216,0.000000,0.000000,0.000000,0.000000,0.000000,0.000000,0.000000,0.000000
77.300003,-59.512161,0.189216,0.000000,0.000000,0.000000,0.000000,0.000000,0.000000,0.000000,0.000000
72.276520,-60.032932,0.189216,0.000000,0.000000,0.000000,0.000000,0.000000,0.000000,0.000000,0.000000
72.469696,-60.161789,0.189216,0.000000,0.000000,0.000000,0.000000,0.000000,0.000000,0.000000,0.000000
77.300003,-59.512161,0.189216,0.000000,0.000000,0.000000,0.000000,0.000000,0.000000,0.000000,0.000000
72.469696,-60.161789,0.189216,0.000000,0.000000,0.000000,0.000000,0.000000,0.000000,0.000000,0.000000
72.634506,-61.821018,0.189216,0.000000,0.000000,0.000000,0.000000,0.000000,0.000000,0.000000,0.000000
71.507370,-42.692455,0.189216,0.000000,0.000000,0.000000,0.000000,0.000000,0.000000,0.000000,0.000000
70.921822,-54.473507,0.189216,0.000000,0.000000,0.000000,0.000000,0.000000,0.000000,0.000000,0.000000
72.276520,-60.032932,0.189216,0.000000,0.000000,0.000000,0.000000,0.000000,0.000000,0.000000,0.000000
71.507370,-42.692455,0.189216,0.000000,0.000000,0.000000,0.000000,0.000000,0.000000,0.000000,0.000000
71.375740,-42.824089,0.189216,0.000000,0.000000,0.000000,0.000000,0.000000,0.000000,0.000000,0.000000
70.921822,-54.473507,0.189216,0.000000,0.000000,0.000000,0.000000,0.000000,0.000000,0.000000,0.000000
71.375740,-42.824089,0.189216,0.000000,0.000000,0.000000,0.000000,0.000000,0.000000,0.000000,0.000000
70.921822,-42.824089,0.189216,0.000000,0.000000,0.000000,0.000000,0.000000,0.000000,0.000000,0.000000
70.921822,-54.473507,0.189216,0.000000,0.000000,0.000000,0.000000,0.000000,0.000000,0.000000,0.000000
70.921822,-54.473507,0.189216,0.000000,0.000000,0.000000,0.000000,0.000000,0.000000,0.000000,0.000000
70.943649,-59.526485,0.189216,0.000000,0.000000,0.000000,0.000000,0.000000,0.000000,0.000000,0.000000
72.276520,-60.032932,0.189216,0.000000,0.000000,0.000000,0.000000,0.000000,0.000000,0.000000,0.000000
70.943649,-59.526485,0.189216,0.000000,0.000000,0.000000,0.000000,0.000000,0.000000,0.000000,0.000000
70.943642,-60.073090,0.189216,0.000000,0.000000,0.000000,0.000000,0.000000,0.000000,0.000000,0.000000
72.276520,-60.032932,0.189216,0.000000,0.000000,0.000000,0.000000,0.000000,0.000000,0.000000,0.000000
70.813927,-59.399998,0.204635,0.000000,0.000000,0.000000,0.000000,0.000000,0.000000,0.000000,0.000000
70.943649,-59.526485,0.189216,0.000000,0.000000,0.000000,0.000000,0.000000,0.000000,0.000000,0.000000
70.921822,-54.473507,0.189216,0.000000,0.000000,0.000000,0.000000,0.000000,0.000000,0.000000,0.000000
70.921822,-54.473507,0.189216,0.000000,0.000000,0.000000,0.000000,0.000000,0.000000,0.000000,0.000000
70.813927,-54.599998,0.204635,0.000000,0.000000,0.000000,0.000000,0.000000,0.000000,0.000000,0.000000
70.813927,-59.399998,0.204635,0.000000,0.000000,0.000000,0.000000,0.000000,0.000000,0.000000,0.000000
70.813927,-59.399998,0.204635,0.000000,0.000000,0.000000,0.000000,0.000000,0.000000,0.000000,0.000000
70.813927,-54.599998,0.204635,0.000000,0.000000,0.000000,0.000000,0.000000,0.000000,0.000000,0.000000
70.236832,-54.600006,0.204635,0.000000,0.000000,0.000000,0.000000,0.000000,0.000000,0.000000,0.000000
70.236832,-54.600006,0.204635,0.000000,0.000000,0.000000,0.000000,0.000000,0.000000,0.000000,0.000000
70.236832,-59.399998,0.204635,0.000000,0.000000,0.000000,0.000000,0.000000,0.000000,0.000000,0.000000
70.813927,-59.399998,0.204635,0.000000,0.000000,0.000000,0.000000,0.000000,0.000000,0.000000,0.000000
70.098969,-59.524559,0.189216,0.000000,0.000000,0.000000,0.000000,0.000000,0.000000,0.000000,0.000000
70.236832,-59.399998,0.204635,0.000000,0.000000,0.000000,0.000000,0.000000,0.000000,0.000000,0.000000
70.236832,-54.600006,0.204635,0.000000,0.000000,0.000000,0.000000,0.000000,0.000000,0.000000,0.000000
70.236832,-54.600006,0.204635,0.000000,0.000000,0.000000,0.000000,0.000000,0.000000,0.000000,0.000000
70.098969,-54.399723,0.189216,0.000000,0.000000,0.000000,0.000000,0.000000,0.000000,0.000000,0.000000
70.098969,-59.524559,0.189216,0.000000,0.000000,0.000000,0.000000,0.000000,0.000000,0.000000,0.000000
69.918091,-59.798950,0.189216,0.000000,0.000000,0.000000,0.000000,0.000000,0.000000,0.000000,0.000000
70.098969,-59.524559,0.189216,0.000000,0.000000,0.000000,0.000000,0.000000,0.000000,0.000000,0.000000
70.098969,-54.399723,0.189216,0.000000,0.000000,0.000000,0.000000,0.000000,0.000000,0.000000,0.000000
69.918091,-59.798950,0.189216,0.000000,0.000000,0.000000,0.000000,0.000000,0.000000,0.000000,0.000000
70.098969,-59.686810,0.189216,0.000000,0.000000,0.000000,0.000000,0.000000,0.000000,0.000000,0.000000
70.098969,-59.524559,0.189216,0.000000,0.000000,0.000000,0.000000,0.000000,0.000000,0.000000,0.000000
69.918091,-59.798950,0.189216,0.000000,0.000000,0.000000,0.000000,0.000000,0.000000,0.000000,0.000000
70.098969,-54.399723,0.189216,0.000000,0.000000,0.000000,0.000000,0.000000,0.000000,0.000000,0.000000
69.220268,-53.144943,0.189216,0.000000,0.000000,0.000000,0.000000,0.000000,0.000000,0.000000,0.000000
70.098969,-54.399723,0.189216,0.000000,0.000000,0.000000,0.000000,0.000000,0.000000,0.000000,0.000000
70.098969,-53.294651,0.189216,0.000000,0.000000,0.000000,0.000000,0.000000,0.000000,0.000000,0.000000
69.220268,-53.144943,0.189216,0.000000,0.000000,0.000000,0.000000,0.000000,0.000000,0.000000,0.000000
69.918091,-60.076653,0.189216,0.000000,0.000000,0.000000,0.000000,0.000000,0.000000,0.000000,0.000000
69.918091,-59.798950,0.189216,0.000000,0.000000,0.000000,0.000000,0.000000,0.000000,0.000000,0.000000
69.220268,-53.144943,0.189216,0.000000,0.000000,0.000000,0.000000,0.000000,0.000000,0.000000,0.000000
69.918091,-60.076653,0.189216,0.000000,0.000000,0.000000,0.000000,0.000000,0.000000,0.000000,0.000000
69.220268,-53.144943,0.189216,0.000000,0.000000,0.000000,0.000000,0.000000,0.000000,0.000000,0.000000
69.090744,-52.929085,0.189216,0.000000,0.000000,0.000000,0.000000,0.000000,0.000000,0.000000,0.000000
69.918091,-60.076653,0.189216,0.000000,0.000000,0.000000,0.000000,0.000000,0.000000,0.000000,0.000000
69.090744,-52.929085,0.189216,0.000000,0.000000,0.000000,0.000000,0.000000,0.000000,0.000000,0.000000
64.510559,-55.193668,0.189216,0.000000,0.000000,0.000000,0.000000,0.000000,0.000000,0.000000,0.000000
69.090744,-52.929085,0.189216,0.000000,0.000000,0.000000,0.000000,0.000000,0.000000,0.000000,0.000000
68.724953,-48.935680,0.189216,0.000000,0.000000,0.000000,0.000000,0.000000,0.000000,0.000000,0.000000
64.510559,-55.193668,0.189216,0.000000,0.000000,0.000000,0.000000,0.000000,0.000000,0.000000,0.000000
68.724953,-48.935680,0.189216,0.000000,0.000000,0.000000,0.000000,0.000000,0.000000,0.000000,0.000000
68.529984,-47.169739,0.189216,0.000000,0.000000,0.000000,0.000000,0.000000,0.000000,0.000000,0.000000
64.510559,-55.193668,0.189216,0.000000,0.000000,0.000000,0.000000,0.000000,0.000000,0.000000,0.000000
69.090744,-52.929085,0.189216,0.000000,0.000000,0.000000,0.000000,0.000000,0.000000,0.000000,0.000000
68.954376,-49.113205,0.189216,0.000000,0.000000,0.000000,0.000000,0.000000,0.000000,0.000000,0.000000
68.724953,-48.935680,0.189216,0.000000,0.000000,0.000000,0.000000,0.000000,0.000000,0.000000,0.000000
69.090744,-52.929085,0.189216,0.000000,0.000000,0.000000,0.000000,0.000000,0.000000,0.000000,0.000000
69.306602,-51.139980,0.189216,0.000000,0.000000,0.000000,0.000000,0.000000,0.000000,0.000000,0.000000
68.954376,-49.113205,0.189216,0.000000,0.000000,0.000000,0.000000,0.000000,0.000000,0.000000,0.000000
69.306602,-51.139980,0.189216,0.000000,0.000000,0.000000,0.000000,0.000000,0.000000,0.000000,0.000000
70.098969,-49.040718,0.189216,0.000000,0.000000,0.000000,0.000000,0.000000,0.000000,0.000000,0.000000
68.954376,-49.113205,0.189216,0.000000,0.000000,0.000000,0.000000,0.000000,0.000000,0.000000,0.000000
69.306602,-51.139980,0.189216,0.000000,0.000000,0.000000,0.000000,0.000000,0.000000,0.000000,0.000000
69.457710,-51.053631,0.189216,0.000000,0.000000,0.000000,0.000000,0.000000,0.000000,0.000000,0.000000
70.098969,-49.040718,0.189216,0.000000,0.000000,0.000000,0.000000,0.000000,0.000000,0.000000,0.000000
69.457710,-51.053631,0.189216,0.000000,0.000000,0.000000,0.000000,0.000000,0.000000,0.000000,0.000000
70.098969,-51.052242,0.189216,0.000000,0.000000,0.000000,0.000000,0.000000,0.000000,0.000000,0.000000
70.098969,-49.040718,0.189216,0.000000,0.000000,0.000000,0.000000,0.000000,0.000000,0.000000,0.000000
69.918091,-60.076653,0.189216,0.000000,0.000000,0.000000,0.000000,0.000000,0.000000,0.000000,0.000000
64.510559,-55.193668,0.189216,0.000000,0.000000,0.000000,0.000000,0.000000,0.000000,0.000000,0.000000
66.262421,-58.134079,0.189216,0.000000,0.000000,0.000000,0.000000,0.000000,0.000000,0.000000,0.000000
64.510559,-55.193668,0.189216,0.000000,0.000000,0.000000,0.000000,0.000000,0.000000,0.000000,0.000000
65.353065,-56.887691,0.189216,0.000000,0.000000,0.000000,0.000000,0.000000,0.000000,0.000000,0.000000
66.262421,-58.134079,0.189216,0.000000,0.000000,0.000000,0.000000,0.000000,0.000000,0.000000,0.000000
69.918091,-60.076653,0.189216,0.000000,0.000000,0.000000,0.000000,0.000000,0.000000,0.000000,0.000000
66.262421,-58.134079,0.189216,0.000000,0.000000,0.000000,0.000000,0.000000,0.000000,0.000000,0.000000
67.456734,-61.880993,0.189216,0.000000,0.000000,0.000000,0.000000,0.000000,0.000000,0.000000,0.000000
66.262421,-58.134079,0.189216,0.000000,0.000000,0.000000,0.000000,0.000000,0.000000,0.000000,0.000000
66.719887,-61.144150,0.189216,0.000000,0.000000,0.000000,0.000000,0.000000,0.000000,0.000000,0.000000
67.456734,-61.880993,0.189216,0.000000,0.000000,0.000000,0.000000,0.000000,0.000000,0.000000,0.000000
66.262421,-58.134079,0.189216,0.000000,0.000000,0.000000,0.000000,0.000000,0.000000,0.000000,0.000000
65.748405,-58.673351,0.189216,0.000000,0.000000,0.000000,0.000000,0.000000,0.000000,0.000000,0.000000
66.719887,-61.144150,0.189216,0.000000,0.000000,0.000000,0.000000,0.000000,0.000000,0.000000,0.000000
70.098969,-64.004791,0.189216,0.000000,0.000000,0.000000,0.000000,0.000000,0.000000,0.000000,0.000000
69.918091,-60.076653,0.189216,0.000000,0.000000,0.000000,0.000000,0.000000,0.000000,0.000000,0.000000
67.456734,-61.880993,0.189216,0.000000,0.000000,0.000000,0.000000,0.000000,0.000000,0.000000,0.000000
70.098969,-64.004791,0.189216,0.000000,0.000000,0.000000,0.000000,0.000000,0.000000,0.000000,0.000000
70.098969,-60.183125,0.189216,0.000000,0.000000,0.000000,0.000000,0.000000,0.000000,0.000000,0.000000
69.918091,-60.076653,0.189216,0.000000,0.000000,0.000000,0.000000,0.000000,0.000000,0.000000,0.000000
70.098969,-64.004791,0.189216,0.000000,0.000000,0.000000,0.000000,0.000000,0.000000,0.000000,0.000000
67.456734,-61.880993,0.189216,0.000000,0.000000,0.000000,0.000000,0.000000,0.000000,0.000000,0.000000
68.168884,-63.203548,0.189216,0.000000,0.000000,0.000000,0.000000,0.000000,0.000000,0.000000,0.000000
70.098969,-64.004791,0.189216,0.000000,0.000000,0.000000,0.000000,0.000000,0.000000,0.000000,0.000000
68.168884,-63.203548,0.189216,0.000000,0.000000,0.000000,0.000000,0.000000,0.000000,0.000000,0.000000
69.279633,-64.004791,0.189216,0.000000,0.000000,0.000000,0.000000,0.000000,0.000000,0.000000,0.000000
94.199997,-40.675728,0.189216,0.000000,0.000000,0.000000,0.000000,0.000000,0.000000,0.000000,0.000000
94.199997,-40.105236,0.189216,0.000000,0.000000,0.000000,0.000000,0.000000,0.000000,0.000000,0.000000
90.399986,-40.108143,0.189216,0.000000,0.000000,0.000000,0.000000,0.000000,0.000000,0.000000,0.000000
90.399986,-40.108143,0.189216,0.000000,0.000000,0.000000,0.000000,0.000000,0.000000,0.000000,0.000000
90.399986,-40.675735,0.189216,0.000000,0.000000,0.000000,0.000000,0.000000,0.000000,0.000000,0.000000
94.199997,-40.675728,0.189216,0.000000,0.000000,0.000000,0.000000,0.000000,0.000000,0.000000,0.000000
94.324265,-40.799999,0.189216,0.000000,0.000000,0.000000,0.000000,0.000000,0.000000,0.000000,0.000000
94.199997,-40.675728,0.189216,0.000000,0.000000,0.000000,0.000000,0.000000,0.000000,0.000000,0.000000
90.399986,-40.675735,0.189216,0.000000,0.000000,0.000000,0.000000,0.000000,0.000000,0.000000,0.000000
90.399986,-40.675735,0.189216,0.000000,0.000000,0.000000,0.000000,0.000000,0.000000,0.000000,0.000000
90.275742,-40.799999,0.189216,0.000000,0.000000,0.000000,0.000000,0.000000,0.000000,0.000000,0.000000
94.324265,-40.799999,0.189216,0.000000,0.000000,0.000000,0.000000,0.000000,0.000000,0.000000,0.000000
94.324265,-40.799999,0.189216,0.000000,0.000000,0.000000,0.000000,0.000000,0.000000,0.000000,0.000000
90.275742,-40.799999,0.189216,0.000000,0.000000,0.000000,0.000000,0.000000,0.000000,0.000000,0.000000
87.500000,-43.175732,0.189216,0.000000,0.000000,0.000000,0.000000,0.000000,0.000000,0.000000,0.000000
90.275742,-40.799999,0.189216,0.000000,0.000000,0.000000,0.000000,0.000000,0.000000,0.000000,0.000000
87.500000,-40.799999,0.189216,0.000000,0.000000,0.000000,0.000000,0.000000,0.000000,0.000000,0.000000
87.500000,-43.175732,0.189216,0.000000,0.000000,0.000000,0.000000,0.000000,0.000000,0.000000,0.000000
102.190903,-40.799999,0.189216,0.000000,0.000000,0.000000,0.000000,0.000000,0.000000,0.000000,0.000000
94.324265,-40.799999,0.189216,0.000000,0.000000,0.000000,0.000000,0.000000,0.000000,0.000000,0.000000
87.500000,-43.175732,0.189216,0.000000,0.000000,0.000000,0.000000,0.000000,0.000000,0.000000,0.000000
92.650002,-47.499996,0.189216,0.000000,0.000000,0.000000,0.000000,0.000000,0.000000,0.000000,0.000000
102.190903,-40.799999,0.189216,0.000000,0.000000,0.000000,0.000000,0.000000,0.000000,0.000000,0.000000
87.500000,-43.175732,0.189216,0.000000,0.000000,0.000000,0.000000,0.000000,0.000000,0.000000,0.000000
92.650002,-47.499996,0.189216,0.000000,0.000000,0.000000,0.000000,0.000000,0.000000,0.000000,0.000000
93.449989,-47.500004,0.189216,0.000000,0.000000,0.000000,0.000000,0.000000,0.000000,0.000000,0.000000
102.190903,-40.799999,0.189216,0.000000,0.000000,0.000000,0.000000,0.000000,0.000000,0.000000,0.000000
93.449989,-47.500004,0.189216,0.000000,0.000000,0.000000,0.000000,0.000000,0.000000,0.000000,0.000000
93.750000,-47.899998,0.189216,0.000000,0.000000,0.000000,0.000000,0.000000,0.000000,0.000000,0.000000
102.190903,-40.799999,0.189216,0.000000,0.000000,0.000000,0.000000,0.000000,0.000000,0.000000,0.000000
93.750000,-47.899998,0.189216,0.000000,0.000000,0.000000,0.000000,0.000000,0.000000,0.000000,0.000000
101.773033,-47.899998,0.189216,0.000000,0.000000,0.000000,0.000000,0.000000,0.000000,0.000000,0.000000
102.190903,-40.799999,0.189216,0.000000,0.000000,0.000000,0.000000,0.000000,0.000000,0.000000,0.000000
105.482254,-40.799992,0.189216,0.000000,0.000000,0.000000,0.000000,0.000000,0.000000,0.000000,0.000000
102.190903,-40.799999,0.189216,0.000000,0.000000,0.000000,0.000000,0.000000,0.000000,0.000000,0.000000
101.773033,-47.899998,0.189216,0.000000,0.000000,0.000000,0.000000,0.000000,0.000000,0.000000,0.000000
105.482254,-40.799992,0.189216,0.000000,0.000000,0.000000,0.000000,0.000000,0.000000,0.000000,0.000000
101.773033,-47.899998,0.189216,0.000000,0.000000,0.000000,0.000000,0.000000,0.000000,0.000000,0.000000
101.890907,-48.021564,0.189216,0.000000,0.000000,0.000000,0.000000,0.000000,0.000000,0.000000,0.000000
105.482254,-40.799992,0.189216,0.000000,0.000000,0.000000,0.000000,0.000000,0.000000,0.000000,0.000000
101.890907,-48.021564,0.189216,0.000000,0.000000,0.000000,0.000000,0.000000,0.000000,0.000000,0.000000
101.890900,-56.450569,0.189216,0.000000,0.000000,0.000000,0.000000,0.000000,0.000000,0.000000,0.000000
105.482254,-40.799992,0.189216,0.000000,0.000000,0.000000,0.000000,0.000000,0.000000,0.000000,0.000000
101.890900,-56.450569,0.189216,0.000000,0.000000,0.000000,0.000000,0.000000,0.000000,0.000000,0.000000
101.890900,-57.517658,0.189216,0.000000,0.000000,0.000000,0.000000,0.000000,0.000000,0.000000,0.000000
101.890900,-57.517658,0.189216,0.000000,0.000000,0.000000,0.000000,0.000000,0.000000,0.000000,0.000000
101.890900,-56.450569,0.189216,0.000000,0.000000,0.000000,0.000000,0.000000,0.000000,0.000000,0.000000
101.699135,-56.600445,0.269373,0.000000,0.000000,0.000000,0.000000,0.000000,0.000000,0.000000,0.000000
105.799995,-63.924259,0.189216,0.000000,0.000000,0.000000,0.000000,0.000000,0.000000,0.000000,0.000000
105.482254,-40.799992,0.189216,0.000000,0.000000,0.000000,0.000000,0.000000,0.000000,0.000000,0.000000
101.890900,-57.517658,0.189216,0.000000,0.000000,0.000000,0.000000,0.000000,0.000000,0.000000,0.000000
105.799995,-63.924259,0.189216,0.000000,0.000000,0.000000,0.000000,0.000000,0.000000,0.000000,0.000000
101.890900,-57.517658,0.189216,0.000000,0.000000,0.000000,0.000000,0.000000,0.000000,0.000000,0.000000
102.500008,-61.149998,0.189216,0.000000,0.000000,0.000000,0.000000,0.000000,0.000000,0.000000,0.000000
91.924271,-47.899998,0.189216,0.000000,0.000000,0.000000,0.000000,0.000000,0.000000,0.000000,0.000000
92.650002,-47.499996,0.189216,0.000000,0.000000,0.000000,0.000000,0.000000,0.000000,0.000000,0.000000
87.500000,-43.175732,0.189216,0.000000,0.000000,0.000000,0.000000,0.000000,0.000000,0.000000,0.000000
91.924271,-47.899998,0.189216,0.000000,0.000000,0.000000,0.000000,0.000000,0.000000,0.000000,0.000000
92.349991,-47.899998,0.189216,0.000000,0.000000,0.000000,0.000000,0.000000,0.000000,0.000000,0.000000
92.650002,-47.499996,0.189216,0.000000,0.000000,0.000000,0.000000,0.000000,0.000000,0.000000,0.000000
91.924271,-47.899998,0.189216,0.000000,0.000000,0.000000,0.000000,0.000000,0.000000,0.000000,0.000000
87.500000,-43.175732,0.189216,0.000000,0.000000,0.000000,0.000000,0.000000,0.000000,0.000000,0.000000
88.075729,-47.899998,0.189216,0.000000,0.000000,0.000000,0.000000,0.000000,0.000000,0.000000,0.000000
88.075729,-47.899998,0.189216,0.000000,0.000000,0.000000,0.000000,0.000000,0.000000,0.000000,0.000000
87.500000,-43.175732,0.189216,0.000000,0.000000,0.000000,0.000000,0.000000,0.000000,0.000000,0.000000
87.375732,-43.299995,0.189216,0.000000,0.000000,0.000000,0.000000,0.000000,0.000000,0.000000,0.000000
88.075729,-47.899998,0.189216,0.000000,0.000000,0.000000,0.000000,0.000000,0.000000,0.000000,0.000000
87.375732,-43.299995,0.189216,0.000000,0.000000,0.000000,0.000000,0.000000,0.000000,0.000000,0.000000
86.824265,-43.299995,0.189216,0.000000,0.000000,0.000000,0.000000,0.000000,0.000000,0.000000,0.000000
91.924271,-47.899998,0.189216,0.000000,0.000000,0.000000,0.000000,0.000000,0.000000,0.000000,0.000000
88.075729,-47.899998,0.189216,0.000000,0.000000,0.000000,0.000000,0.000000,0.000000,0.000000,0.000000
88.199997,-48.412766,0.204635,0.000000,0.000000,0.000000,0.000000,0.000000,0.000000,0.000000,0.000000
88.199997,-48.412766,0.204635,0.000000,0.000000,0.000000,0.000000,0.000000,0.000000,0.000000,0.000000
91.799995,-48.412766,0.204635,0.000000,0.000000,0.000000,0.000000,0.000000,0.000000,0.000000,0.000000
91.924271,-47.899998,0.189216,0.000000,0.000000,0.000000,0.000000,0.000000,0.000000,0.000000,0.000000
82.262970,-40.799999,0.189216,0.000000,0.000000,0.000000,0.000000,0.000000,0.000000,0.000000,0.000000
88.075729,-47.899998,0.189216,0.000000,0.000000,0.000000,0.000000,0.000000,0.000000,0.000000,0.000000
86.824265,-43.299995,0.189216,0.000000,0.000000,0.000000,0.000000,0.000000,0.000000,0.000000,0.000000
91.799995,-50.826626,0.989217,0.000000,0.000000,0.000000,0.000000,0.000000,0.000000,0.000000,0.000000
91.799995,-48.412766,0.204635,0.000000,0.000000,0.000000,0.000000,0.000000,0.000000,0.000000,0.000000
88.199997,-48.412766,0.204635,0.000000,0.000000,0.000000,0.000000,0.000000,0.000000,0.000000,0.000000
88.199997,-48.412766,0.204635,0.000000,0.000000,0.000000,0.000000,0.000000,0.000000,0.000000,0.000000
88.199997,-50.827007,0.989217,0.000000,0.000000,0.000000,0.000000,0.000000,0.000000,0.000000,0.000000
91.799995,-50.826626,0.989217,0.000000,0.000000,0.000000,0.000000,0.000000,0.000000,0.000000,0.000000
91.799995,-50.826626,0.989217,0.000000,0.000000,0.000000,0.000000,0.000000,0.000000,0.000000,0.000000
88.199997,-50.827007,0.989217,0.000000,0.000000,0.000000,0.000000,0.000000,0.000000,0.000000,0.000000
88.088669,-51.158268,0.989218,0.000000,0.000000,0.000000,0.000000,0.000000,0.000000,0.000000,0.000000
82.262970,-40.799999,0.189216,0.000000,0.000000,0.000000,0.000000,0.000000,0.000000,0.000000,0.000000
86.824265,-43.299995,0.189216,0.000000,0.000000,0.000000,0.000000,0.000000,0.000000,0.000000,0.000000
86.699989,-43.175732,0.189216,0.000000,0.000000,0.000000,0.000000,0.000000,0.000000,0.000000,0.000000
88.088669,-51.158268,0.989218,0.000000,0.000000,0.000000,0.000000,0.000000,0.000000,0.000000,0.000000
91.912857,-51.158260,0.989218,0.000000,0.000000,0.000000,0.000000,0.000000,0.000000,0.000000,0.000000
91.799995,-50.826626,0.989217,0.000000,0.000000,0.000000,0.000000,0.000000,0.000000,0.000000,0.000000
82.262970,-40.799999,0.189216,0.000000,0.000000,0.000000,0.000000,0.000000,0.000000,0.000000,0.000000
86.699989,-43.175732,0.189216,0.000000,0.000000,0.000000,0.000000,0.000000,0.000000,0.000000,0.000000
86.336121,-41.247284,0.189216,0.000000,0.000000,0.000000,0.000000,0.000000,0.000000,0.000000,0.000000
86.316872,-40.799999,0.189216,0.000000,0.000000,0.000000,0.000000,0.000000,0.000000,0.000000,0.000000
82.262970,-40.799999,0.189216,0.000000,0.000000,0.000000,0.000000,0.000000,0.000000,0.000000,0.000000
86.336121,-41.247284,0.189216,0.000000,0.000000,0.000000,0.000000,0.000000,0.000000,0.000000,0.000000
86.699989,-43.175732,0.189216,0.000000,0.000000,0.000000,0.000000,0.000000,0.000000,0.000000,0.000000
86.699989,-41.405289,0.189216,0.000000,0.000000,0.000000,0.000000,0.000000,0.000000,0.000000,0.000000
86.336121,-41.247284,0.189216,0.000000,0.000000,0.000000,0.000000,0.000000,0.000000,0.000000,0.000000
91.912857,-51.158260,0.989218,0.000000,0.000000,0.000000,0.000000,0.000000,0.000000,0.000000,0.000000
88.088669,-51.158268,0.989218,0.000000,0.000000,0.000000,0.000000,0.000000,0.000000,0.000000,0.000000
87.375732,-54.099995,0.989218,0.000000,0.000000,0.000000,0.000000,0.000000,0.000000,0.000000,0.000000
85.424263,-54.099995,0.989218,0.000000,0.000000,0.000000,0.000000,0.000000,0.000000,0.000000,0.000000
87.375732,-54.099995,0.989218,0.000000,0.000000,0.000000,0.000000,0.000000,0.000000,0.000000,0.000000
88.088669,-51.158268,0.989218,0.000000,0.000000,0.000000,0.000000,0.000000,0.000000,0.000000,0.000000
91.912857,-51.158260,0.989218,0.000000,0.000000,0.000000,0.000000,0.000000,0.000000,0.000000,0.000000
87.375732,-54.099995,0.989218,0.000000,0.000000,0.000000,0.000000,0.000000,0.000000,0.000000,0.000000
87.500008,-54.224258,0.989218,0.000000,0.000000,0.000000,0.000000,0.000000,0.000000,0.000000,0.000000
85.299995,-54.224258,0.989218,0.000000,0.000000,0.000000,0.000000,0.000000,0.000000,0.000000,0.000000
85.424263,-54.099995,0.989218,0.000000,0.000000,0.000000,0.000000,0.000000,0.000000,0.000000,0.000000
88.088669,-51.158268,0.989218,0.000000,0.000000,0.000000,0.000000,0.000000,0.000000,0.000000,0.000000
85.299995,-54.224258,0.989218,0.000000,0.000000,0.000000,0.000000,0.000000,0.000000,0.000000,0.000000
88.088669,-51.158268,0.989218,0.000000,0.000000,0.000000,0.000000,0.000000,0.000000,0.000000,0.000000
81.299988,-56.540100,0.989218,0.000000,0.000000,0.000000,0.000000,0.000000,0.000000,0.000000,0.000000
88.088669,-51.158268,0.989218,0.000000,0.000000,0.000000,0.000000,0.000000,0.000000,0.000000,0.000000
81.299988,-51.158268,0.989218,0.000000,0.000000,0.000000,0.000000,0.000000,0.000000,0.000000,0.000000
81.299988,-56.540100,0.989218,0.000000,0.000000,0.000000,0.000000,0.000000,0.000000,0.000000,0.000000
84.899994,-55.149998,0.989218,0.000000,0.000000,0.000000,0.000000,0.000000,0.000000,0.000000,0.000000
85.299995,-54.224258,0.989218,0.000000,0.000000,0.000000,0.000000,0.000000,0.000000,0.000000,0.000000
81.299988,-56.540100,0.989218,0.000000,0.000000,0.000000,0.000000,0.000000,0.000000,0.000000,0.000000
84.899994,-55.149998,0.989218,0.000000,0.000000,0.000000,0.000000,0.000000,0.000000,0.000000,0.000000
85.299995,-54.849998,0.989218,0.000000,0.000000,0.000000,0.000000,0.000000,0.000000,0.000000,0.000000
85.299995,-54.224258,0.989218,0.000000,0.000000,0.000000,0.000000,0.000000,0.000000,0.000000,0.000000
84.899994,-55.149998,0.989218,0.000000,0.000000,0.000000,0.000000,0.000000,0.000000,0.000000,0.000000
81.299988,-56.540100,0.989218,0.000000,0.000000,0.000000,0.000000,0.000000,0.000000,0.000000,0.000000
84.899994,-61.449993,0.989218,0.000000,0.000000,0.000000,0.000000,0.000000,0.000000,0.000000,0.000000
81.299988,-56.540100,0.989218,0.000000,0.000000,0.000000,0.000000,0.000000,0.000000,0.000000,0.000000
85.299995,-62.375736,0.989218,0.000000,0.000000,0.000000,0.000000,0.000000,0.000000,0.000000,0.000000
84.899994,-61.449993,0.989218,0.000000,0.000000,0.000000,0.000000,0.000000,0.000000,0.000000,0.000000
85.299995,-62.375736,0.989218,0.000000,0.000000,0.000000,0.000000,0.000000,0.000000,0.000000,0.000000
85.299995,-61.750000,0.989218,0.000000,0.000000,0.000000,0.000000,0.000000,0.000000,0.000000,0.000000
84.899994,-61.449993,0.989218,0.000000,0.000000,0.000000,0.000000,0.000000,0.000000,0.000000,0.000000
81.299988,-56.540100,0.989218,0.000000,0.000000,0.000000,0.000000,0.000000,0.000000,0.000000,0.000000
81.299988,-59.498001,0.989218,0.000000,0.000000,0.000000,0.000000,0.000000,0.000000,0.000000,0.000000
85.299995,-62.375736,0.989218,0.000000,0.000000,0.000000,0.000000,0.000000,0.000000,0.000000,0.000000
81.299988,-59.498001,0.989218,0.000000,0.000000,0.000000,0.000000,0.000000,0.000000,0.000000,0.000000
85.424263,-62.499992,0.989218,0.000000,0.000000,0.000000,0.000000,0.000000,0.000000,0.000000,0.000000
85.299995,-62.375736,0.989218,0.000000,0.000000,0.000000,0.000000,0.000000,0.000000,0.000000,0.000000
81.299988,-59.498001,0.989218,0.000000,0.000000,0.000000,0.000000,0.000000,0.000000,0.000000,0.000000
88.080147,-65.581879,0.989218,0.000000,0.000000,0.000000,0.000000,0.000000,0.000000,0.000000,0.000000
85.424263,-62.499992,0.989218,0.000000,0.000000,0.000000,0.000000,0.000000,0.000000,0.000000,0.000000
81.299988,-59.498001,0.989218,0.000000,0.000000,0.000000,0.000000,0.000000,0.000000,0.000000,0.000000
81.299988,-65.581879,0.989218,0.000000,0.000000,0.000000,0.000000,0.000000,0.000000,0.000000,0.000000
88.080147,-65.581879,0.989218,0.000000,0.000000,0.000000,0.000000,0.000000,0.000000,0.000000,0.000000
88.080147,-65.581879,0.989218,0.000000,0.000000,0.000000,0.000000,0.000000,0.000000,0.000000,0.000000
87.375732,-62.499992,0.989218,0.000000,0.000000,0.000000,0.000000,0.000000,0.000000,0.000000,0.000000
85.424263,-62.499992,0.989218,0.000000,0.000000,0.000000,0.000000,0.000000,0.000000,0.000000,0.000000
87.500008,-62.375736,0.989218,0.000000,0.000000,0.000000,0.000000,0.000000,0.000000,0.000000,0.000000
87.375732,-62.499992,0.989218,0.000000,0.000000,0.000000,0.000000,0.000000,0.000000,0.000000,0.000000
88.080147,-65.581879,0.989218,0.000000,0.000000,0.000000,0.000000,0.000000,0.000000,0.000000,0.000000
87.500008,-62.375736,0.989218,0.000000,0.000000,0.000000,0.000000,0.000000,0.000000,0.000000,0.000000
88.080147,-65.581879,0.989218,0.000000,0.000000,0.000000,0.000000,0.000000,0.000000,0.000000,0.000000
92.824265,-62.499992,0.989218,0.000000,0.000000,0.000000,0.000000,0.000000,0.000000,0.000000,0.000000
88.080147,-65.581879,0.989218,0.000000,0.000000,0.000000,0.000000,0.000000,0.000000,0.000000,0.000000
91.919853,-65.581879,0.989218,0.000000,0.000000,0.000000,0.000000,0.000000,0.000000,0.000000,0.000000
92.824265,-62.499992,0.989218,0.000000,0.000000,0.000000,0.000000,0.000000,0.000000,0.000000,0.000000
91.919853,-65.581879,0.989218,0.000000,0.000000,0.000000,0.000000,0.000000,0.000000,0.000000,0.000000
88.080147,-65.581879,0.989218,0.000000,0.000000,0.000000,0.000000,0.000000,0.000000,0.000000,0.000000
88.199997,-65.861305,0.989218,0.000000,0.000000,0.000000,0.000000,0.000000,0.000000,0.000000,0.000000
88.199997,-65.861305,0.989218,0.000000,0.000000,0.000000,0.000000,0.000000,0.000000,0.000000,0.000000
91.799995,-65.861320,0.989218,0.000000,0.000000,0.000000,0.000000,0.000000,0.000000,0.000000,0.000000
91.919853,-65.581879,0.989218,0.000000,0.000000,0.000000,0.000000,0.000000,0.000000,0.000000,0.000000
91.799995,-68.141579,0.204635,0.000000,0.000000,0.000000,0.000000,0.000000,0.000000,0.000000,0.000000
91.799995,-65.861320,0.989218,0.000000,0.000000,0.000000,0.000000,0.000000,0.000000,0.000000,0.000000
88.199997,-65.861305,0.989218,0.000000,0.000000,0.000000,0.000000,0.000000,0.000000,0.000000,0.000000
88.199997,-65.861305,0.989218,0.000000,0.000000,0.000000,0.000000,0.000000,0.000000,0.000000,0.000000
88.199997,-68.141579,0.204635,0.000000,0.000000,0.000000,0.000000,0.000000,0.000000,0.000000,0.000000
91.799995,-68.141579,0.204635,0.000000,0.000000,0.000000,0.000000,0.000000,0.000000,0.000000,0.000000
91.924271,-68.699989,0.189216,0.000000,0.000000,0.000000,0.000000,0.000000,0.000000,0.000000,0.000000
91.799995,-68.141579,0.204635,0.000000,0.000000,0.000000,0.000000,0.000000,0.000000,0.000000,0.000000
88.199997,-68.141579,0.204635,0.000000,0.000000,0.000000,0.000000,0.000000,0.000000,0.000000,0.000000
88.199997,-68.141579,0.204635,0.000000,0.000000,0.000000,0.000000,0.000000,0.000000,0.000000,0.000000
88.075729,-68.699989,0.189216,0.000000,0.000000,0.000000,0.000000,0.000000,0.000000,0.000000,0.000000
91.924271,-68.699989,0.189216,0.000000,0.000000,0.000000,0.000000,0.000000,0.000000,0.000000,0.000000
91.924271,-68.699989,0.189216,0.000000,0.000000,0.000000,0.000000,0.000000,0.000000,0.000000,0.000000
88.075729,-68.699989,0.189216,0.000000,0.000000,0.000000,0.000000,0.000000,0.000000,0.000000,0.000000
71.000000,-72.787781,0.189216,0.000000,0.000000,0.000000,0.000000,0.000000,0.000000,0.000000,0.000000
101.773026,-68.699989,0.189216,0.000000,0.000000,0.000000,0.000000,0.000000,0.000000,0.000000,0.000000
91.924271,-68.699989,0.189216,0.000000,0.000000,0.000000,0.000000,0.000000,0.000000,0.000000,0.000000
71.000000,-72.787781,0.189216,0.000000,0.000000,0.000000,0.000000,0.000000,0.000000,0.000000,0.000000
88.075729,-68.699989,0.189216,0.000000,0.000000,0.000000,0.000000,0.000000,0.000000,0.000000,0.000000
77.424271,-68.699989,0.189216,0.000000,0.000000,0.000000,0.000000,0.000000,0.000000,0.000000,0.000000
71.000000,-72.787781,0.189216,0.000000,0.000000,0.000000,0.000000,0.000000,0.000000,0.000000,0.000000
77.424271,-68.699989,0.189216,0.000000,0.000000,0.000000,0.000000,0.000000,0.000000,0.000000,0.000000
77.300003,-68.575722,0.189216,0.000000,0.000000,0.000000,0.000000,0.000000,0.000000,0.000000,0.000000
71.000000,-72.787781,0.189216,0.000000,0.000000,0.000000,0.000000,0.000000,0.000000,0.000000,0.000000
71.000000,-72.787781,0.189216,0.000000,0.000000,0.000000,0.000000,0.000000,0.000000,0.000000,0.000000
77.300003,-68.575722,0.189216,0.000000,0.000000,0.000000,0.000000,0.000000,0.000000,0.000000,0.000000
77.300003,-59.512161,0.189216,0.000000,0.000000,0.000000,0.000000,0.000000,0.000000,0.000000,0.000000
88.174042,-61.084270,0.989218,0.000000,0.000000,0.000000,0.000000,0.000000,0.000000,0.000000,0.000000
87.500008,-62.375736,0.989218,0.000000,0.000000,0.000000,0.000000,0.000000,0.000000,0.000000,0.000000
92.824265,-62.499992,0.989218,0.000000,0.000000,0.000000,0.000000,0.000000,0.000000,0.000000,0.000000
88.174042,-61.084270,0.989218,0.000000,0.000000,0.000000,0.000000,0.000000,0.000000,0.000000,0.000000
87.500008,-61.662014,0.989218,0.000000,0.000000,0.000000,0.000000,0.000000,0.000000,0.000000,0.000000
87.500008,-62.375736,0.989218,0.000000,0.000000,0.000000,0.000000,0.000000,0.000000,0.000000,0.000000
94.775742,-62.499992,0.989218,0.000000,0.000000,0.000000,0.000000,0.000000,0.000000,0.000000,0.000000
92.824265,-62.499992,0.989218,0.000000,0.000000,0.000000,0.000000,0.000000,0.000000,0.000000,0.000000
91.919853,-65.581879,0.989218,0.000000,0.000000,0.000000,0.000000,0.000000,0.000000,0.000000,0.000000
94.900009,-62.375736,0.989218,0.000000,0.000000,0.000000,0.000000,0.000000,0.000000,0.000000,0.000000
94.775742,-62.499992,0.989218,0.000000,0.000000,0.000000,0.000000,0.000000,0.000000,0.000000,0.000000
91.919853,-65.581879,0.989218,0.000000,0.000000,0.000000,0.000000,0.000000,0.000000,0.000000,0.000000
94.900009,-62.375736,0.989218,0.000000,0.000000,0.000000,0.000000,0.000000,0.000000,0.000000,0.000000
91.919853,-65.581879,0.989218,0.000000,0.000000,0.000000,0.000000,0.000000,0.000000,0.000000,0.000000
99.073547,-59.328903,0.989218,0.000000,0.000000,0.000000,0.000000,0.000000,0.000000,0.000000,0.000000
88.174042,-61.084270,0.989218,0.000000,0.000000,0.000000,0.000000,0.000000,0.000000,0.000000,0.000000
92.824265,-62.499992,0.989218,0.000000,0.000000,0.000000,0.000000,0.000000,0.000000,0.000000,0.000000
88.009987,-59.172684,0.989218,0.000000,0.000000,0.000000,0.000000,0.000000,0.000000,0.000000,0.000000
88.174042,-61.084270,0.989218,0.000000,0.000000,0.000000,0.000000,0.000000,0.000000,0.000000,0.000000
88.009987,-59.172684,0.989218,0.000000,0.000000,0.000000,0.000000,0.000000,0.000000,0.000000,0.000000
87.999702,-60.125439,0.989218,0.000000,0.000000,0.000000,0.000000,0.000000,0.000000,0.000000,0.000000
92.824265,-62.499992,0.989218,0.000000,0.000000,0.000000,0.000000,0.000000,0.000000,0.000000,0.000000
92.699989,-62.375736,0.989218,0.000000,0.000000,0.000000,0.000000,0.000000,0.000000,0.000000,0.000000
88.009987,-59.172684,0.989218,0.000000,0.000000,0.000000,0.000000,0.000000,0.000000,0.000000,0.000000
91.919853,-65.581879,0.989218,0.000000,0.000000,0.000000,0.000000,0.000000,0.000000,0.000000,0.000000
99.073532,-65.207741,0.989218,0.000000,0.000000,0.000000,0.000000,0.000000,0.000000,0.000000,0.000000
99.073547,-59.328903,0.989218,0.000000,0.000000,0.000000,0.000000,0.000000,0.000000,0.000000,0.000000
91.919853,-65.581879,0.989218,0.000000,0.000000,0.000000,0.000000,0.000000,0.000000,0.000000,0.000000
98.690315,-65.581879,0.989218,0.000000,0.000000,0.000000,0.000000,0.000000,0.000000,0.000000,0.000000
99.073532,-65.207741,0.989218,0.000000,0.000000,0.000000,0.000000,0.000000,0.000000,0.000000,0.000000
95.681015,-61.145603,0.989218,0.000000,0.000000,0.000000,0.000000,0.000000,0.000000,0.000000,0.000000
94.900009,-62.375736,0.989218,0.000000,0.000000,0.000000,0.000000,0.000000,0.000000,0.000000,0.000000
99.073547,-59.328903,0.989218,0.000000,0.000000,0.000000,0.000000,0.000000,0.000000,0.000000,0.000000
95.681015,-61.145603,0.989218,0.000000,0.000000,0.000000,0.000000,0.000000,0.000000,0.000000,0.000000
94.900009,-61.633724,0.989218,0.000000,0.000000,0.000000,0.000000,0.000000,0.000000,0.000000,0.000000
94.900009,-62.375736,0.989218,0.000000,0.000000,0.000000,0.000000,0.000000,0.000000,0.000000,0.000000
92.699989,-62.375736,0.989218,0.000000,0.000000,0.000000,0.000000,0.000000,0.000000,0.000000,0.000000
88.281670,-55.848331,0.989218,0.000000,0.000000,0.000000,0.000000,0.000000,0.000000,0.000000,0.000000
88.009987,-59.172684,0.989218,0.000000,0.000000,0.000000,0.000000,0.000000,0.000000,0.000000,0.000000
88.281670,-55.848331,0.989218,0.000000,0.000000,0.000000,0.000000,0.000000,0.000000,0.000000,0.000000
88.216171,-56.437874,0.989218,0.000000,0.000000,0.000000,0.000000,0.000000,0.000000,0.000000,0.000000
88.009987,-59.172684,0.989218,0.000000,0.000000,0.000000,0.000000,0.000000,0.000000,0.000000,0.000000
88.216171,-56.437874,0.989218,0.000000,0.000000,0.000000,0.000000,0.000000,0.000000,0.000000,0.000000
87.799995,-58.774208,0.989218,0.000000,0.000000,0.000000,0.000000,0.000000,0.000000,0.000000,0.000000
88.009987,-59.172684,0.989218,0.000000,0.000000,0.000000,0.000000,0.000000,0.000000,0.000000,0.000000
88.216171,-56.437874,0.989218,0.000000,0.000000,0.000000,0.000000,0.000000,0.000000,0.000000,0.000000
87.799995,-56.750004,0.989218,0.000000,0.000000,0.000000,0.000000,0.000000,0.000000,0.000000,0.000000
87.799995,-58.774208,0.989218,0.000000,0.000000,0.000000,0.000000,0.000000,0.000000,0.000000,0.000000
92.699989,-62.375736,0.989218,0.000000,0.000000,0.000000,0.000000,0.000000,0.000000,0.000000,0.000000
88.000008,-55.244183,0.989218,0.000000,0.000000,0.000000,0.000000,0.000000,0.000000,0.000000,0.000000
88.281670,-55.848331,0.989218,0.000000,0.000000,0.000000,0.000000,0.000000,0.000000,0.000000,0.000000
88.000008,-55.244183,0.989218,0.000000,0.000000,0.000000,0.000000,0.000000,0.000000,0.000000,0.000000
88.000008,-55.660545,0.989218,0.000000,0.000000,0.000000,0.000000,0.000000,0.000000,0.000000,0.000000
88.281670,-55.848331,0.989218,0.000000,0.000000,0.000000,0.000000,0.000000,0.000000,0.000000,0.000000
92.699989,-62.375736,0.989218,0.000000,0.000000,0.000000,0.000000,0.000000,0.000000,0.000000,0.000000
92.399986,-61.439358,0.989218,0.000000,0.000000,0.000000,0.000000,0.000000,0.000000,0.000000,0.000000
88.000008,-55.244183,0.989218,0.000000,0.000000,0.000000,0.000000,0.000000,0.000000,0.000000,0.000000
92.699989,-62.375736,0.989218,0.000000,0.000000,0.000000,0.000000,0.000000,0.000000,0.000000,0.000000
92.699989,-61.639362,0.989218,0.000000,0.000000,0.000000,0.000000,0.000000,0.000000,0.000000,0.000000
92.399986,-61.439358,0.989218,0.000000,0.000000,0.000000,0.000000,0.000000,0.000000,0.000000,0.000000
92.399986,-61.439358,0.989218,0.000000,0.000000,0.000000,0.000000,0.000000,0.000000,0.000000,0.000000
91.912857,-51.158260,0.989218,0.000000,0.000000,0.000000,0.000000,0.000000,0.000000,0.000000,0.000000
88.000008,-55.244183,0.989218,0.000000,0.000000,0.000000,0.000000,0.000000,0.000000,0.000000,0.000000
92.399986,-61.439358,0.989218,0.000000,0.000000,0.000000,0.000000,0.000000,0.000000,0.000000,0.000000
92.399986,-55.060600,0.989218,0.000000,0.000000,0.000000,0.000000,0.000000,0.000000,0.000000,0.000000
91.912857,-51.158260,0.989218,0.000000,0.000000,0.000000,0.000000,0.000000,0.000000,0.000000,0.000000
91.912857,-51.158260,0.989218,0.000000,0.000000,0.000000,0.000000,0.000000,0.000000,0.000000,0.000000
87.500008,-54.224258,0.989218,0.000000,0.000000,0.000000,0.000000,0.000000,0.000000,0.000000,0.000000
88.000008,-55.244183,0.989218,0.000000,0.000000,0.000000,0.000000,0.000000,0.000000,0.000000,0.000000
87.500008,-54.224258,0.989218,0.000000,0.000000,0.000000,0.000000,0.000000,0.000000,0.000000,0.000000
87.500008,-54.844189,0.989218,0.000000,0.000000,0.000000,0.000000,0.000000,0.000000,0.000000,0.000000
88.000008,-55.244183,0.989218,0.000000,0.000000,0.000000,0.000000,0.000000,0.000000,0.000000,0.000000
92.399986,-55.060600,0.989218,0.000000,0.000000,0.000000,0.000000,0.000000,0.000000,0.000000,0.000000
92.699989,-54.224258,0.989218,0.000000,0.000000,0.000000,0.000000,0.000000,0.000000,0.000000,0.000000
91.912857,-51.158260,0.989218,0.000000,0.000000,0.000000,0.000000,0.000000,0.000000,0.000000,0.000000
92.699989,-54.224258,0.989218,0.000000,0.000000,0.000000,0.000000,0.000000,0.000000,0.000000,0.000000
92.824265,-54.099995,0.989218,0.000000,0.000000,0.000000,0.000000,0.000000,0.000000,0.000000,0.000000
91.912857,-51.158260,0.989218,0.000000,0.000000,0.000000,0.000000,0.000000,0.000000,0.000000,0.000000
92.399986,-55.060600,0.989218,0.000000,0.000000,0.000000,0.000000,0.000000,0.000000,0.000000,0.000000
92.699989,-54.860603,0.989218,0.000000,0.000000,0.000000,0.000000,0.000000,0.000000,0.000000,0.000000
92.699989,-54.224258,0.989218,0.000000,0.000000,0.000000,0.000000,0.000000,0.000000,0.000000,0.000000
91.912857,-51.158260,0.989218,0.000000,0.000000,0.000000,0.000000,0.000000,0.000000,0.000000,0.000000
92.824265,-54.099995,0.989218,0.000000,0.000000,0.000000,0.000000,0.000000,0.000000,0.000000,0.000000
94.775742,-54.099995,0.989218,0.000000,0.000000,0.000000,0.000000,0.000000,0.000000,0.000000,0.000000
91.912857,-51.158260,0.989218,0.000000,0.000000,0.000000,0.000000,0.000000,0.000000,0.000000,0.000000
94.775742,-54.099995,0.989218,0.000000,0.000000,0.000000,0.000000,0.000000,0.000000,0.000000,0.000000
94.900009,-54.224247,0.989218,0.000000,0.000000,0.000000,0.000000,0.000000,0.000000,0.000000,0.000000
91.912857,-51.158260,0.989218,0.000000,0.000000,0.000000,0.000000,0.000000,0.000000,0.000000,0.000000
94.900009,-54.224247,0.989218,0.000000,0.000000,0.000000,0.000000,0.000000,0.000000,0.000000,0.000000
98.793121,-55.439442,0.989218,0.000000,0.000000,0.000000,0.000000,0.000000,0.000000,0.000000,0.000000
98.793121,-55.050747,0.989218,0.000000,0.000000,0.000000,0.000000,0.000000,0.000000,0.000000,0.000000
91.912857,-51.158260,0.989218,0.000000,0.000000,0.000000,0.000000,0.000000,0.000000,0.000000,0.000000
98.793121,-55.439442,0.989218,0.000000,0.000000,0.000000,0.000000,0.000000,0.000000,0.000000,0.000000
98.793121,-55.050747,0.989218,0.000000,0.000000,0.000000,0.000000,0.000000,0.000000,0.000000,0.000000
99.073547,-53.813828,0.989218,0.000000,0.000000,0.000000,0.000000,0.000000,0.000000,0.000000,0.000000
91.912857,-51.158260,0.989218,0.000000,0.000000,0.000000,0.000000,0.000000,0.000000,0.000000,0.000000
98.793121,-55.050747,0.989218,0.000000,0.000000,0.000000,0.000000,0.000000,0.000000,0.000000,0.000000
99.073547,-54.750740,0.989218,0.000000,0.000000,0.000000,0.000000,0.000000,0.000000,0.000000,0.000000
99.073547,-53.813828,0.989218,0.000000,0.000000,0.000000,0.000000,0.000000,0.000000,0.000000,0.000000
99.073547,-53.813828,0.989218,0.000000,0.000000,0.000000,0.000000,0.000000,0.000000,0.000000,0.000000
98.839256,-53.613800,0.989218,0.000000,0.000000,0.000000,0.000000,0.000000,0.000000,0.000000,0.000000
91.912857,-51.158260,0.989218,0.000000,0.000000,0.000000,0.000000,0.000000,0.000000,0.000000,0.000000
98.839256,-53.613800,0.989218,0.000000,0.000000,0.000000,0.000000,0.000000,0.000000,0.000000,0.000000
98.839226,-51.158268,0.989218,0.000000,0.000000,0.000000,0.000000,0.000000,0.000000,0.000000,0.000000
91.912857,-51.158260,0.989218,0.000000,0.000000,0.000000,0.000000,0.000000,0.000000,0.000000,0.000000
94.900009,-54.224247,0.989218,0.000000,0.000000,0.000000,0.000000,0.000000,0.000000,0.000000,0.000000
99.073547,-59.328903,0.989218,0.000000,0.000000,0.000000,0.000000,0.000000,0.000000,0.000000,0.000000
98.793121,-55.439442,0.989218,0.000000,0.000000,0.000000,0.000000,0.000000,0.000000,0.000000,0.000000
94.900009,-54.224247,0.989218,0.000000,0.000000,0.000000,0.000000,0.000000,0.000000,0.000000,0.000000
95.503220,-55.127449,0.989218,0.000000,0.000000,0.000000,0.000000,0.000000,0.000000,0.000000,0.000000
99.073547,-59.328903,0.989218,0.000000,0.000000,0.000000,0.000000,0.000000,0.000000,0.000000,0.000000
94.900009,-54.224247,0.989218,0.000000,0.000000,0.000000,0.000000,0.000000,0.000000,0.000000,0.000000
95.375740,-54.999996,0.989218,0.000000,0.000000,0.000000,0.000000,0.000000,0.000000,0.000000,0.000000
95.503220,-55.127449,0.989218,0.000000,0.000000,0.000000,0.000000,0.000000,0.000000,0.000000,0.000000
94.900009,-54.224247,0.989218,0.000000,0.000000,0.000000,0.000000,0.000000,0.000000,0.000000,0.000000
94.900009,-54.999996,0.989218,0.000000,0.000000,0.000000,0.000000,0.000000,0.000000,0.000000,0.000000
95.375740,-54.999996,0.989218,0.000000,0.000000,0.000000,0.000000,0.000000,0.000000,0.000000,0.000000
95.503220,-55.127449,0.989218,0.000000,0.000000,0.000000,0.000000,0.000000,0.000000,0.000000,0.000000
95.681015,-61.145603,0.989218,0.000000,0.000000,0.000000,0.000000,0.000000,0.000000,0.000000,0.000000
99.073547,-59.328903,0.989218,0.000000,0.000000,0.000000,0.000000,0.000000,0.000000,0.000000,0.000000
95.503220,-55.127449,0.989218,0.000000,0.000000,0.000000,0.000000,0.000000,0.000000,0.000000,0.000000
95.598755,-58.855022,0.989218,0.000000,0.000000,0.000000,0.000000,0.000000,0.000000,0.000000,0.000000
95.681015,-61.145603,0.989218,0.000000,0.000000,0.000000,0.000000,0.000000,0.000000,0.000000,0.000000
95.598755,-58.855022,0.989218,0.000000,0.000000,0.000000,0.000000,0.000000,0.000000,0.000000,0.000000
95.616188,-60.562115,0.989218,0.000000,0.000000,0.000000,0.000000,0.000000,0.000000,0.000000,0.000000
95.681015,-61.145603,0.989218,0.000000,0.000000,0.000000,0.000000,0.000000,0.000000,0.000000,0.000000
95.598755,-58.855022,0.989218,0.000000,0.000000,0.000000,0.000000,0.000000,0.000000,0.000000,0.000000
95.146973,-60.210194,0.989218,0.000000,0.000000,0.000000,0.000000,0.000000,0.000000,0.000000,0.000000
95.616188,-60.562115,0.989218,0.000000,0.000000,0.000000,0.000000,0.000000,0.000000,0.000000,0.000000
99.073547,-59.328903,0.989218,0.000000,0.000000,0.000000,0.000000,0.000000,0.000000,0.000000,0.000000
99.073547,-58.311337,0.989218,0.000000,0.000000,0.000000,0.000000,0.000000,0.000000,0.000000,0.000000
98.793121,-55.439442,0.989218,0.000000,0.000000,0.000000,0.000000,0.000000,0.000000,0.000000,0.000000
99.073547,-58.311337,0.989218,0.000000,0.000000,0.000000,0.000000,0.000000,0.000000,0.000000,0.000000
99.073547,-59.328903,0.989218,0.000000,0.000000,0.000000,0.000000,0.000000,0.000000,0.000000,0.000000
99.319214,-59.198612,1.025259,0.000000,0.000000,0.000000,0.000000,0.000000,0.000000,0.000000,0.000000
99.319214,-59.198612,1.025259,0.000000,0.000000,0.000000,0.000000,0.000000,0.000000,0.000000,0.000000
99.299988,-58.399994,0.989215,0.000000,0.000000,0.000000,0.000000,0.000000,0.000000,0.000000,0.000000
99.073547,-58.311337,0.989218,0.000000,0.000000,0.000000,0.000000,0.000000,0.000000,0.000000,0.000000
99.299988,-58.399994,0.989215,0.000000,0.000000,0.000000,0.000000,0.000000,0.000000,0.000000,0.000000
99.319214,-59.198612,1.025259,0.000000,0.000000,0.000000,0.000000,0.000000,0.000000,0.000000,0.000000
99.507500,-59.200321,1.017230,0.000000,0.000000,0.000000,0.000000,0.000000,0.000000,0.000000,0.000000
99.073547,-58.311337,0.989218,0.000000,0.000000,0.000000,0.000000,0.000000,0.000000,0.000000,0.000000
99.073547,-57.293777,0.989218,0.000000,0.000000,0.000000,0.000000,0.000000,0.000000,0.000000,0.000000
98.793121,-55.439442,0.989218,0.000000,0.000000,0.000000,0.000000,0.000000,0.000000,0.000000,0.000000
99.073547,-57.293777,0.989218,0.000000,0.000000,0.000000,0.000000,0.000000,0.000000,0.000000,0.000000
99.073547,-58.311337,0.989218,0.000000,0.000000,0.000000,0.000000,0.000000,0.000000,0.000000,0.000000
99.299988,-58.399994,0.989215,0.000000,0.000000,0.000000,0.000000,0.000000,0.000000,0.000000,0.000000
99.507500,-59.200321,1.017230,0.000000,0.000000,0.000000,0.000000,0.000000,0.000000,0.000000,0.000000
100.083855,-58.659996,0.789330,0.000000,0.000000,0.000000,0.000000,0.000000,0.000000,0.000000,0.000000
99.299988,-58.399994,0.989215,0.000000,0.000000,0.000000,0.000000,0.000000,0.000000,0.000000,0.000000
100.083855,-58.659996,0.789330,0.000000,0.000000,0.000000,0.000000,0.000000,0.000000,0.000000,0.000000
99.507500,-59.200321,1.017230,0.000000,0.000000,0.000000,0.000000,0.000000,0.000000,0.000000,0.000000
99.866257,-59.471203,0.930732,0.000000,0.000000,0.000000,0.000000,0.000000,0.000000,0.000000,0.000000
100.083855,-58.659996,0.789330,0.000000,0.000000,0.000000,0.000000,0.000000,0.000000,0.000000,0.000000
99.866257,-59.471203,0.930732,0.000000,0.000000,0.000000,0.000000,0.000000,0.000000,0.000000,0.000000
100.593842,-59.714306,0.738193,0.000000,0.000000,0.000000,0.000000,0.000000,0.000000,0.000000,0.000000
99.073547,-57.293777,0.989218,0.000000,0.000000,0.000000,0.000000,0.000000,0.000000,0.000000,0.000000
99.073547,-56.276215,0.989218,0.000000,0.000000,0.000000,0.000000,0.000000,0.000000,0.000000,0.000000
98.793121,-55.439442,0.989218,0.000000,0.000000,0.000000,0.000000,0.000000,0.000000,0.000000,0.000000
99.073547,-56.276215,0.989218,0.000000,0.000000,0.000000,0.000000,0.000000,0.000000,0.000000,0.000000
99.073547,-55.639446,0.989218,0.000000,0.000000,0.000000,0.000000,0.000000,0.000000,0.000000,0.000000
98.793121,-55.439442,0.989218,0.000000,0.000000,0.000000,0.000000,0.000000,0.000000,0.000000,0.000000
99.299988,-58.399994,0.989215,0.000000,0.000000,0.000000,0.000000,0.000000,0.000000,0.000000,0.000000
99.299988,-57.399994,0.989221,0.000000,0.000000,0.000000,0.000000,0.000000,0.000000,0.000000,0.000000
99.073547,-57.293777,0.989218,0.000000,0.000000,0.000000,0.000000,0.000000,0.000000,0.000000,0.000000
99.073547,-56.276215,0.989218,0.000000,0.000000,0.000000,0.000000,0.000000,0.000000,0.000000,0.000000
99.073547,-57.293777,0.989218,0.000000,0.000000,0.000000,0.000000,0.000000,0.000000,0.000000,0.000000
99.299988,-57.399994,0.989221,0.000000,0.000000,0.000000,0.000000,0.000000,0.000000,0.000000,0.000000
99.299988,-57.399994,0.989221,0.000000,0.000000,0.000000,0.000000,0.000000,0.000000,0.000000,0.000000
99.299988,-58.399994,0.989215,0.000000,0.000000,0.000000,0.000000,0.000000,0.000000,0.000000,0.000000
100.083855,-58.659996,0.789330,0.000000,0.000000,0.000000,0.000000,0.000000,0.000000,0.000000,0.000000
99.299988,-57.399994,0.989221,0.000000,0.000000,0.000000,0.000000,0.000000,0.000000,0.000000,0.000000
99.411507,-56.399155,1.056294,0.000000,0.000000,0.000000,0.000000,0.000000,0.000000,0.000000,0.000000
99.073547,-56.276215,0.989218,0.000000,0.000000,0.000000,0.000000,0.000000,0.000000,0.000000,0.000000
99.411507,-56.399155,1.056294,0.000000,0.000000,0.000000,0.000000,0.000000,0.000000,0.000000,0.000000
99.299988,-57.399994,0.989221,0.000000,0.000000,0.000000,0.000000,0.000000,0.000000,0.000000,0.000000
100.083855,-57.459991,0.789325,0.000000,0.000000,0.000000,0.000000,0.000000,0.000000,0.000000,0.000000
100.083855,-58.659996,0.789330,0.000000,0.000000,0.000000,0.000000,0.000000,0.000000,0.000000,0.000000
100.083855,-57.459991,0.789325,0.000000,0.000000,0.000000,0.000000,0.000000,0.000000,0.000000,0.000000
99.299988,-57.399994,0.989221,0.000000,0.000000,0.000000,0.000000,0.000000,0.000000,0.000000,0.000000
100.083855,-57.459991,0.789325,0.000000,0.000000,0.000000,0.000000,0.000000,0.000000,0.000000,0.000000
100.063622,-56.279766,0.931126,0.000000,0.000000,0.000000,0.000000,0.000000,0.000000,0.000000,0.000000
99.411507,-56.399155,1.056294,0.000000,0.000000,0.000000,0.000000,0.000000,0.000000,0.000000,0.000000
100.593842,-59.714306,0.738193,0.000000,0.000000,0.000000,0.000000,0.000000,0.000000,0.000000,0.000000
100.889000,-58.699989,0.627184,0.000000,0.000000,0.000000,0.000000,0.000000,0.000000,0.000000,0.000000
100.083855,-58.659996,0.789330,0.000000,0.000000,0.000000,0.000000,0.000000,0.000000,0.000000,0.000000
100.083855,-57.459991,0.789325,0.000000,0.000000,0.000000,0.000000,0.000000,0.000000,0.000000,0.000000
100.083855,-58.659996,0.789330,0.000000,0.000000,0.000000,0.000000,0.000000,0.000000,0.000000,0.000000
100.889000,-58.699989,0.627184,0.000000,0.000000,0.000000,0.000000,0.000000,0.000000,0.000000,0.000000
100.889000,-58.699989,0.627184,0.000000,0.000000,0.000000,0.000000,0.000000,0.000000,0.000000,0.000000
100.593842,-59.714306,0.738193,0.000000,0.000000,0.000000,0.000000,0.000000,0.000000,0.000000,0.000000
101.242241,-59.500111,0.534313,0.000000,0.000000,0.000000,0.000000,0.000000,0.000000,0.000000,0.000000
100.063622,-56.279766,0.931126,0.000000,0.000000,0.000000,0.000000,0.000000,0.000000,0.000000,0.000000
100.083855,-57.459991,0.789325,0.000000,0.000000,0.000000,0.000000,0.000000,0.000000,0.000000,0.000000
100.889000,-57.499992,0.567186,0.000000,0.000000,0.000000,0.000000,0.000000,0.000000,0.000000,0.000000
100.889000,-58.699989,0.627184,0.000000,0.000000,0.000000,0.000000,0.000000,0.000000,0.000000,0.000000
100.889000,-57.499992,0.567186,0.000000,0.000000,0.000000,0.000000,0.000000,0.000000,0.000000,0.000000
100.083855,-57.459991,0.789325,0.000000,0.000000,0.000000,0.000000,0.000000,0.000000,0.000000,0.000000
100.889000,-57.499992,0.567186,0.000000,0.000000,0.000000,0.000000,0.000000,0.000000,0.000000,0.000000
100.871513,-56.178249,0.767917,0.000000,0.000000,0.000000,0.000000,0.000000,0.000000,0.000000,0.000000
100.063622,-56.279766,0.931126,0.000000,0.000000,0.000000,0.000000,0.000000,0.000000,0.000000,0.000000
101.242241,-59.500111,0.534313,0.000000,0.000000,0.000000,0.000000,0.000000,0.000000,0.000000,0.000000
101.299988,-58.699989,0.455913,0.000000,0.000000,0.000000,0.000000,0.000000,0.000000,0.000000,0.000000
100.889000,-58.699989,0.627184,0.000000,0.000000,0.000000,0.000000,0.000000,0.000000,0.000000,0.000000
100.889000,-57.499992,0.567186,0.000000,0.000000,0.000000,0.000000,0.000000,0.000000,0.000000,0.000000
100.889000,-58.699989,0.627184,0.000000,0.000000,0.000000,0.000000,0.000000,0.000000,0.000000,0.000000
101.299988,-58.699989,0.455913,0.000000,0.000000,0.000000,0.000000,0.000000,0.000000,0.000000,0.000000
101.299988,-58.699989,0.455913,0.000000,0.000000,0.000000,0.000000,0.000000,0.000000,0.000000,0.000000
101.242241,-59.500111,0.534313,0.000000,0.000000,0.000000,0.000000,0.000000,0.000000,0.000000,0.000000
101.703789,-59.500378,0.327715,0.000000,0.000000,0.000000,0.000000,0.000000,0.000000,0.000000,0.000000
100.871513,-56.178249,0.767917,0.000000,0.000000,0.000000,0.000000,0.000000,0.000000,0.000000,0.000000
100.889000,-57.499992,0.567186,0.000000,0.000000,0.000000,0.000000,0.000000,0.000000,0.000000,0.000000
101.299988,-57.499992,0.395917,0.000000,0.000000,0.000000,0.000000,0.000000,0.000000,0.000000,0.000000
101.299988,-58.699989,0.455913,0.000000,0.000000,0.000000,0.000000,0.000000,0.000000,0.000000,0.000000
101.299988,-57.499992,0.395917,0.000000,0.000000,0.000000,0.000000,0.000000,0.000000,0.000000,0.000000
100.889000,-57.499992,0.567186,0.000000,0.000000,0.000000,0.000000,0.000000,0.000000,0.000000,0.000000
101.299988,-57.499992,0.395917,0.000000,0.000000,0.000000,0.000000,0.000000,0.000000,0.000000,0.000000
101.295456,-56.600105,0.455990,0.000000,0.000000,0.000000,0.000000,0.000000,0.000000,0.000000,0.000000
100.871513,-56.178249,0.767917,0.000000,0.000000,0.000000,0.000000,0.000000,0.000000,0.000000,0.000000
101.703789,-59.500378,0.327715,0.000000,0.000000,0.000000,0.000000,0.000000,0.000000,0.000000,0.000000
101.702225,-58.784538,0.308268,0.000000,0.000000,0.000000,0.000000,0.000000,0.000000,0.000000,0.000000
101.299988,-58.699989,0.455913,0.000000,0.000000,0.000000,0.000000,0.000000,0.000000,0.000000,0.000000
101.299988,-57.499992,0.395917,0.000000,0.000000,0.000000,0.000000,0.000000,0.000000,0.000000,0.000000
101.299988,-58.699989,0.455913,0.000000,0.000000,0.000000,0.000000,0.000000,0.000000,0.000000,0.000000
101.702225,-58.784538,0.308268,0.000000,0.000000,0.000000,0.000000,0.000000,0.000000,0.000000,0.000000
101.702225,-58.784538,0.308268,0.000000,0.000000,0.000000,0.000000,0.000000,0.000000,0.000000,0.000000
101.703789,-59.500378,0.327715,0.000000,0.000000,0.000000,0.000000,0.000000,0.000000,0.000000,0.000000
101.890907,-59.651833,0.189216,0.000000,0.000000,0.000000,0.000000,0.000000,0.000000,0.000000,0.000000
101.295456,-56.600105,0.455990,0.000000,0.000000,0.000000,0.000000,0.000000,0.000000,0.000000,0.000000
101.299988,-57.499992,0.395917,0.000000,0.000000,0.000000,0.000000,0.000000,0.000000,0.000000,0.000000
101.700684,-57.509762,0.288820,0.000000,0.000000,0.000000,0.000000,0.000000,0.000000,0.000000,0.000000
101.702225,-58.784538,0.308268,0.000000,0.000000,0.000000,0.000000,0.000000,0.000000,0.000000,0.000000
101.700684,-57.509762,0.288820,0.000000,0.000000,0.000000,0.000000,0.000000,0.000000,0.000000,0.000000
101.299988,-57.499992,0.395917,0.000000,0.000000,0.000000,0.000000,0.000000,0.000000,0.000000,0.000000
101.700684,-57.509762,0.288820,0.000000,0.000000,0.000000,0.000000,0.000000,0.000000,0.000000,0.000000
101.699135,-56.600445,0.269373,0.000000,0.000000,0.000000,0.000000,0.000000,0.000000,0.000000,0.000000
101.295456,-56.600105,0.455990,0.000000,0.000000,0.000000,0.000000,0.000000,0.000000,0.000000,0.000000
101.699135,-56.600445,0.269373,0.000000,0.000000,0.000000,0.000000,0.000000,0.000000,0.000000,0.000000
101.700684,-57.509762,0.288820,0.000000,0.000000,0.000000,0.000000,0.000000,0.000000,0.000000,0.000000
101.890900,-57.517658,0.189216,0.000000,0.000000,0.000000,0.000000,0.000000,0.000000,0.000000,0.000000
101.700684,-57.509762,0.288820,0.000000,0.000000,0.000000,0.000000,0.000000,0.000000,0.000000,0.000000
101.702225,-58.784538,0.308268,0.000000,0.000000,0.000000,0.000000,0.000000,0.000000,0.000000,0.000000
101.890907,-58.829021,0.189216,0.000000,0.000000,0.000000,0.000000,0.000000,0.000000,0.000000,0.000000
101.890907,-59.651833,0.189216,0.000000,0.000000,0.000000,0.000000,0.000000,0.000000,0.000000,0.000000
101.890907,-58.829021,0.189216,0.000000,0.000000,0.000000,0.000000,0.000000,0.000000,0.000000,0.000000
101.702225,-58.784538,0.308268,0.000000,0.000000,0.000000,0.000000,0.000000,0.000000,0.000000,0.000000
101.890907,-58.829021,0.189216,0.000000,0.000000,0.000000,0.000000,0.000000,0.000000,0.000000,0.000000
101.890900,-57.517658,0.189216,0.000000,0.000000,0.000000,0.000000,0.000000,0.000000,0.000000,0.000000
101.700684,-57.509762,0.288820,0.000000,0.000000,0.000000,0.000000,0.000000,0.000000,0.000000,0.000000
101.890907,-58.829021,0.189216,0.000000,0.000000,0.000000,0.000000,0.000000,0.000000,0.000000,0.000000
101.890907,-59.651833,0.189216,0.000000,0.000000,0.000000,0.000000,0.000000,0.000000,0.000000,0.000000
102.300003,-60.999996,0.189216,0.000000,0.000000,0.000000,0.000000,0.000000,0.000000,0.000000,0.000000
101.890900,-57.517658,0.189216,0.000000,0.000000,0.000000,0.000000,0.000000,0.000000,0.000000,0.000000
101.890907,-58.829021,0.189216,0.000000,0.000000,0.000000,0.000000,0.000000,0.000000,0.000000,0.000000
102.300003,-60.999996,0.189216,0.000000,0.000000,0.000000,0.000000,0.000000,0.000000,0.000000,0.000000
101.890907,-59.651833,0.189216,0.000000,0.000000,0.000000,0.000000,0.000000,0.000000,0.000000,0.000000
101.890907,-60.999996,0.189216,0.000000,0.000000,0.000000,0.000000,0.000000,0.000000,0.000000,0.000000
102.300003,-60.999996,0.189216,0.000000,0.000000,0.000000,0.000000,0.000000,0.000000,0.000000,0.000000
101.890900,-57.517658,0.189216,0.000000,0.000000,0.000000,0.000000,0.000000,0.000000,0.000000,0.000000
102.300003,-60.999996,0.189216,0.000000,0.000000,0.000000,0.000000,0.000000,0.000000,0.000000,0.000000
102.500008,-61.149998,0.189216,0.000000,0.000000,0.000000,0.000000,0.000000,0.000000,0.000000,0.000000
105.799995,-63.924259,0.189216,0.000000,0.000000,0.000000,0.000000,0.000000,0.000000,0.000000,0.000000
102.500008,-61.149998,0.189216,0.000000,0.000000,0.000000,0.000000,0.000000,0.000000,0.000000,0.000000
102.500008,-62.149994,0.189216,0.000000,0.000000,0.000000,0.000000,0.000000,0.000000,0.000000,0.000000
105.799995,-63.924259,0.189216,0.000000,0.000000,0.000000,0.000000,0.000000,0.000000,0.000000,0.000000
102.500008,-62.149994,0.189216,0.000000,0.000000,0.000000,0.000000,0.000000,0.000000,0.000000,0.000000
102.099991,-63.089066,0.189216,0.000000,0.000000,0.000000,0.000000,0.000000,0.000000,0.000000,0.000000
102.500008,-62.149994,0.189216,0.000000,0.000000,0.000000,0.000000,0.000000,0.000000,0.000000,0.000000
101.890907,-62.989056,0.189216,0.000000,0.000000,0.000000,0.000000,0.000000,0.000000,0.000000,0.000000
102.099991,-63.089066,0.189216,0.000000,0.000000,0.000000,0.000000,0.000000,0.000000,0.000000,0.000000
102.500008,-62.149994,0.189216,0.000000,0.000000,0.000000,0.000000,0.000000,0.000000,0.000000,0.000000
102.300003,-62.299995,0.189216,0.000000,0.000000,0.000000,0.000000,0.000000,0.000000,0.000000,0.000000
101.890907,-62.989056,0.189216,0.000000,0.000000,0.000000,0.000000,0.000000,0.000000,0.000000,0.000000
102.300003,-62.299995,0.189216,0.000000,0.000000,0.000000,0.000000,0.000000,0.000000,0.000000,0.000000
101.890907,-62.299995,0.189216,0.000000,0.000000,0.000000,0.000000,0.000000,0.000000,0.000000,0.000000
101.890907,-62.989056,0.189216,0.000000,0.000000,0.000000,0.000000,0.000000,0.000000,0.000000,0.000000
102.099991,-63.971817,0.189216,0.000000,0.000000,0.000000,0.000000,0.000000,0.000000,0.000000,0.000000
105.799995,-63.924259,0.189216,0.000000,0.000000,0.000000,0.000000,0.000000,0.000000,0.000000,0.000000
102.099991,-63.089066,0.189216,0.000000,0.000000,0.000000,0.000000,0.000000,0.000000,0.000000,0.000000
102.099991,-63.971817,0.189216,0.000000,0.000000,0.000000,0.000000,0.000000,0.000000,0.000000,0.000000
101.890907,-68.578423,0.189216,0.000000,0.000000,0.000000,0.000000,0.000000,0.000000,0.000000,0.000000
105.799995,-63.924259,0.189216,0.000000,0.000000,0.000000,0.000000,0.000000,0.000000,0.000000,0.000000
102.099991,-63.971817,0.189216,0.000000,0.000000,0.000000,0.000000,0.000000,0.000000,0.000000,0.000000
101.890907,-64.171814,0.189216,0.000000,0.000000,0.000000,0.000000,0.000000,0.000000,0.000000,0.000000
101.890907,-68.578423,0.189216,0.000000,0.000000,0.000000,0.000000,0.000000,0.000000,0.000000,0.000000
101.890907,-68.578423,0.189216,0.000000,0.000000,0.000000,0.000000,0.000000,0.000000,0.000000,0.000000
105.799995,-74.500000,0.189216,0.000000,0.000000,0.000000,0.000000,0.000000,0.000000,0.000000,0.000000
105.799995,-63.924259,0.189216,0.000000,0.000000,0.000000,0.000000,0.000000,0.000000,0.000000,0.000000
101.890907,-68.578423,0.189216,0.000000,0.000000,0.000000,0.000000,0.000000,0.000000,0.000000,0.000000
101.773026,-68.699989,0.189216,0.000000,0.000000,0.000000,0.000000,0.000000,0.000000,0.000000,0.000000
105.799995,-74.500000,0.189216,0.000000,0.000000,0.000000,0.000000,0.000000,0.000000,0.000000,0.000000
100.924263,-74.500000,0.189216,0.000000,0.000000,0.000000,0.000000,0.000000,0.000000,0.000000,0.000000
105.799995,-74.500000,0.189216,0.000000,0.000000,0.000000,0.000000,0.000000,0.000000,0.000000,0.000000
101.773026,-68.699989,0.189216,0.000000,0.000000,0.000000,0.000000,0.000000,0.000000,0.000000,0.000000
91.032738,-74.500000,0.189216,0.000000,0.000000,0.000000,0.000000,0.000000,0.000000,0.000000,0.000000
100.924263,-74.500000,0.189216,0.000000,0.000000,0.000000,0.000000,0.000000,0.000000,0.000000,0.000000
101.773026,-68.699989,0.189216,0.000000,0.000000,0.000000,0.000000,0.000000,0.000000,0.000000,0.000000
100.924263,-74.500000,0.189216,0.000000,0.000000,0.000000,0.000000,0.000000,0.000000,0.000000,0.000000
91.032738,-74.500000,0.189216,0.000000,0.000000,0.000000,0.000000,0.000000,0.000000,0.000000,0.000000
91.196838,-74.662041,0.189216,0.000000,0.000000,0.000000,0.000000,0.000000,0.000000,0.000000,0.000000
91.196838,-74.662041,0.189216,0.000000,0.000000,0.000000,0.000000,0.000000,0.000000,0.000000,0.000000
100.800003,-74.662041,0.189216,0.000000,0.000000,0.000000,0.000000,0.000000,0.000000,0.000000,0.000000
100.924263,-74.500000,0.189216,0.000000,0.000000,0.000000,0.000000,0.000000,0.000000,0.000000,0.000000
85.824265,-74.500000,0.189216,0.000000,0.000000,0.000000,0.000000,0.000000,0.000000,0.000000,0.000000
91.032738,-74.500000,0.189216,0.000000,0.000000,0.000000,0.000000,0.000000,0.000000,0.000000,0.000000
101.773026,-68.699989,0.189216,0.000000,0.000000,0.000000,0.000000,0.000000,0.000000,0.000000,0.000000
100.800003,-77.275726,0.189216,0.000000,0.000000,0.000000,0.000000,0.000000,0.000000,0.000000,0.000000
100.800003,-74.662041,0.189216,0.000000,0.000000,0.000000,0.000000,0.000000,0.000000,0.000000,0.000000
91.196838,-74.662041,0.189216,0.000000,0.000000,0.000000,0.000000,0.000000,0.000000,0.000000,0.000000
100.800003,-77.275726,0.189216,0.000000,0.000000,0.000000,0.000000,0.000000,0.000000,0.000000,0.000000
91.196838,-74.662041,0.189216,0.000000,0.000000,0.000000,0.000000,0.000000,0.000000,0.000000,0.000000
100.800003,-79.724266,0.189216,0.000000,0.000000,0.000000,0.000000,0.000000,0.000000,0.000000,0.000000
100.800003,-77.275726,0.189216,0.000000,0.000000,0.000000,0.000000,0.000000,0.000000,0.000000,0.000000
100.800003,-79.724266,0.189216,0.000000,0.000000,0.000000,0.000000,0.000000,0.000000,0.000000,0.000000
100.924263,-79.600006,0.189216,0.000000,0.000000,0.000000,0.000000,0.000000,0.000000,0.000000,0.000000
100.924263,-79.600006,0.189216,0.000000,0.000000,0.000000,0.000000,0.000000,0.000000,0.000000,0.000000
100.924263,-77.399994,0.189216,0.000000,0.000000,0.000000,0.000000,0.000000,0.000000,0.000000,0.000000
100.800003,-77.275726,0.189216,0.000000,0.000000,0.000000,0.000000,0.000000,0.000000,0.000000,0.000000
101.470901,-77.399994,0.189216,0.000000,0.000000,0.000000,0.000000,0.000000,0.000000,0.000000,0.000000
100.924263,-77.399994,0.189216,0.000000,0.000000,0.000000,0.000000,0.000000,0.000000,0.000000,0.000000
100.924263,-79.600006,0.189216,0.000000,0.000000,0.000000,0.000000,0.000000,0.000000,0.000000,0.000000
100.924263,-79.600006,0.189216,0.000000,0.000000,0.000000,0.000000,0.000000,0.000000,0.000000,0.000000
101.470901,-79.600006,0.189216,0.000000,0.000000,0.000000,0.000000,0.000000,0.000000,0.000000,0.000000
101.470901,-77.399994,0.189216,0.000000,0.000000,0.000000,0.000000,0.000000,0.000000,0.000000,0.000000
101.599991,-77.250641,0.189216,0.000000,0.000000,0.000000,0.000000,0.000000,0.000000,0.000000,0.000000
101.470901,-77.399994,0.189216,0.000000,0.000000,0.000000,0.000000,0.000000,0.000000,0.000000,0.000000
101.470901,-79.600006,0.189216,0.000000,0.000000,0.000000,0.000000,0.000000,0.000000,0.000000,0.000000
101.470901,-79.600006,0.189216,0.000000,0.000000,0.000000,0.000000,0.000000,0.000000,0.000000,0.000000
101.600006,-79.724266,0.189216,0.000000,0.000000,0.000000,0.000000,0.000000,0.000000,0.000000,0.000000
101.599991,-77.250641,0.189216,0.000000,0.000000,0.000000,0.000000,0.000000,0.000000,0.000000,0.000000
91.196838,-74.662041,0.189216,0.000000,0.000000,0.000000,0.000000,0.000000,0.000000,0.000000,0.000000
93.975731,-83.399994,0.189216,0.000000,0.000000,0.000000,0.000000,0.000000,0.000000,0.000000,0.000000
100.800003,-79.724266,0.189216,0.000000,0.000000,0.000000,0.000000,0.000000,0.000000,0.000000,0.000000
91.196838,-74.662041,0.189216,0.000000,0.000000,0.000000,0.000000,0.000000,0.000000,0.000000,0.000000
91.197021,-76.436356,0.189216,0.000000,0.000000,0.000000,0.000000,0.000000,0.000000,0.000000,0.000000
93.975731,-83.399994,0.189216,0.000000,0.000000,0.000000,0.000000,0.000000,0.000000,0.000000,0.000000
108.577904,-76.522377,0.189216,0.000000,0.000000,0.000000,0.000000,0.000000,0.000000,0.000000,0.000000
101.599991,-77.250641,0.189216,0.000000,0.000000,0.000000,0.000000,0.000000,0.000000,0.000000,0.000000
101.600006,-79.724266,0.189216,0.000000,0.000000,0.000000,0.000000,0.000000,0.000000,0.000000,0.000000
108.577904,-76.522377,0.189216,0.000000,0.000000,0.000000,0.000000,0.000000,0.000000,0.000000,0.000000
101.599991,-76.550003,0.189216,0.000000,0.000000,0.000000,0.000000,0.000000,0.000000,0.000000,0.000000
101.599991,-77.250641,0.189216,0.000000,0.000000,0.000000,0.000000,0.000000,0.000000,0.000000,0.000000
91.197021,-76.436356,0.189216,0.000000,0.000000,0.000000,0.000000,0.000000,0.000000,0.000000,0.000000
91.195633,-83.399994,0.189216,0.000000,0.000000,0.000000,0.000000,0.000000,0.000000,0.000000,0.000000
93.975731,-83.399994,0.189216,0.000000,0.000000,0.000000,0.000000,0.000000,0.000000,0.000000,0.000000
91.197021,-76.436356,0.189216,0.000000,0.000000,0.000000,0.000000,0.000000,0.000000,0.000000,0.000000
91.195633,-79.124245,0.189216,0.000000,0.000000,0.000000,0.000000,0.000000,0.000000,0.000000,0.000000
91.195633,-83.399994,0.189216,0.000000,0.000000,0.000000,0.000000,0.000000,0.000000,0.000000,0.000000
91.088089,-79.000000,0.189216,0.000000,0.000000,0.000000,0.000000,0.000000,0.000000,0.000000,0.000000
91.195633,-79.124245,0.189216,0.000000,0.000000,0.000000,0.000000,0.000000,0.000000,0.000000,0.000000
91.197021,-76.436356,0.189216,0.000000,0.000000,0.000000,0.000000,0.000000,0.000000,0.000000,0.000000
91.197021,-76.436356,0.189216,0.000000,0.000000,0.000000,0.000000,0.000000,0.000000,0.000000,0.000000
91.088089,-76.600006,0.189216,0.000000,0.000000,0.000000,0.000000,0.000000,0.000000,0.000000,0.000000
91.088089,-79.000000,0.189216,0.000000,0.000000,0.000000,0.000000,0.000000,0.000000,0.000000,0.000000
90.624268,-79.000000,0.189216,0.000000,0.000000,0.000000,0.000000,0.000000,0.000000,0.000000,0.000000
91.088089,-79.000000,0.189216,0.000000,0.000000,0.000000,0.000000,0.000000,0.000000,0.000000,0.000000
91.088089,-76.600006,0.189216,0.000000,0.000000,0.000000,0.000000,0.000000,0.000000,0.000000,0.000000
91.088089,-76.600006,0.189216,0.000000,0.000000,0.000000,0.000000,0.000000,0.000000,0.000000,0.000000
90.624260,-76.600006,0.189216,0.000000,0.000000,0.000000,0.000000,0.000000,0.000000,0.000000,0.000000
90.624268,-79.000000,0.189216,0.000000,0.000000,0.000000,0.000000,0.000000,0.000000,0.000000,0.000000
90.500000,-79.124268,0.189216,0.000000,0.000000,0.000000,0.000000,0.000000,0.000000,0.000000,0.000000
90.624268,-79.000000,0.189216,0.000000,0.000000,0.000000,0.000000,0.000000,0.000000,0.000000,0.000000
90.624260,-76.600006,0.189216,0.000000,0.000000,0.000000,0.000000,0.000000,0.000000,0.000000,0.000000
90.624260,-76.600006,0.189216,0.000000,0.000000,0.000000,0.000000,0.000000,0.000000,0.000000,0.000000
90.500000,-76.475746,0.189216,0.000000,0.000000,0.000000,0.000000,0.000000,0.000000,0.000000,0.000000
90.500000,-79.124268,0.189216,0.000000,0.000000,0.000000,0.000000,0.000000,0.000000,0.000000,0.000000
89.474144,-82.184143,0.189216,0.000000,0.000000,0.000000,0.000000,0.000000,0.000000,0.000000,0.000000
90.500000,-79.124268,0.189216,0.000000,0.000000,0.000000,0.000000,0.000000,0.000000,0.000000,0.000000
90.500000,-76.475746,0.189216,0.000000,0.000000,0.000000,0.000000,0.000000,0.000000,0.000000,0.000000
89.474144,-82.184143,0.189216,0.000000,0.000000,0.000000,0.000000,0.000000,0.000000,0.000000,0.000000
90.500000,-82.069168,0.189216,0.000000,0.000000,0.000000,0.000000,0.000000,0.000000,0.000000,0.000000
90.500000,-79.124268,0.189216,0.000000,0.000000,0.000000,0.000000,0.000000,0.000000,0.000000,0.000000
89.261604,-82.396683,0.189216,0.000000,0.000000,0.000000,0.000000,0.000000,0.000000,0.000000,0.000000
89.474144,-82.184143,0.189216,0.000000,0.000000,0.000000,0.000000,0.000000,0.000000,0.000000,0.000000
90.500000,-76.475746,0.189216,0.000000,0.000000,0.000000,0.000000,0.000000,0.000000,0.000000,0.000000
85.816696,-75.300011,0.189216,0.000000,0.000000,0.000000,0.000000,0.000000,0.000000,0.000000,0.000000
89.261604,-82.396683,0.189216,0.000000,0.000000,0.000000,0.000000,0.000000,0.000000,0.000000,0.000000
90.500000,-76.475746,0.189216,0.000000,0.000000,0.000000,0.000000,0.000000,0.000000,0.000000,0.000000
90.275391,-75.300003,0.189216,0.000000,0.000000,0.000000,0.000000,0.000000,0.000000,0.000000,0.000000
85.816696,-75.300011,0.189216,0.000000,0.000000,0.000000,0.000000,0.000000,0.000000,0.000000,0.000000
90.500000,-76.475746,0.189216,0.000000,0.000000,0.000000,0.000000,0.000000,0.000000,0.000000,0.000000
90.275391,-75.300003,0.189216,0.000000,0.000000,0.000000,0.000000,0.000000,0.000000,0.000000,0.000000
90.500000,-76.475746,0.189216,0.000000,0.000000,0.000000,0.000000,0.000000,0.000000,0.000000,0.000000
90.500000,-75.549774,0.189216,0.000000,0.000000,0.000000,0.000000,0.000000,0.000000,0.000000,0.000000
85.816696,-75.300011,0.189216,0.000000,0.000000,0.000000,0.000000,0.000000,0.000000,0.000000,0.000000
84.607780,-82.589081,0.189216,0.000000,0.000000,0.000000,0.000000,0.000000,0.000000,0.000000,0.000000
89.261604,-82.396683,0.189216,0.000000,0.000000,0.000000,0.000000,0.000000,0.000000,0.000000,0.000000
84.607780,-82.589081,0.189216,0.000000,0.000000,0.000000,0.000000,0.000000,0.000000,0.000000,0.000000
87.824265,-83.399994,0.189216,0.000000,0.000000,0.000000,0.000000,0.000000,0.000000,0.000000,0.000000
89.261604,-82.396683,0.189216,0.000000,0.000000,0.000000,0.000000,0.000000,0.000000,0.000000,0.000000
87.824265,-83.399994,0.189216,0.000000,0.000000,0.000000,0.000000,0.000000,0.000000,0.000000,0.000000
89.290924,-83.399986,0.189216,0.000000,0.000000,0.000000,0.000000,0.000000,0.000000,0.000000,0.000000
89.261604,-82.396683,0.189216,0.000000,0.000000,0.000000,0.000000,0.000000,0.000000,0.000000,0.000000
84.607780,-82.589081,0.189216,0.000000,0.000000,0.000000,0.000000,0.000000,0.000000,0.000000,0.000000
86.075729,-83.399994,0.189216,0.000000,0.000000,0.000000,0.000000,0.000000,0.000000,0.000000,0.000000
87.824265,-83.399994,0.189216,0.000000,0.000000,0.000000,0.000000,0.000000,0.000000,0.000000,0.000000
84.607780,-82.589081,0.189216,0.000000,0.000000,0.000000,0.000000,0.000000,0.000000,0.000000,0.000000
84.647652,-83.399986,0.189216,0.000000,0.000000,0.000000,0.000000,0.000000,0.000000,0.000000,0.000000
86.075729,-83.399994,0.189216,0.000000,0.000000,0.000000,0.000000,0.000000,0.000000,0.000000,0.000000
87.824265,-83.399994,0.189216,0.000000,0.000000,0.000000,0.000000,0.000000,0.000000,0.000000,0.000000
86.075729,-83.399994,0.189216,0.000000,0.000000,0.000000,0.000000,0.000000,0.000000,0.000000,0.000000
86.199989,-83.524254,0.189216,0.000000,0.000000,0.000000,0.000000,0.000000,0.000000,0.000000,0.000000
86.199989,-83.524254,0.189216,0.000000,0.000000,0.000000,0.000000,0.000000,0.000000,0.000000,0.000000
87.699997,-83.524254,0.189216,0.000000,0.000000,0.000000,0.000000,0.000000,0.000000,0.000000,0.000000
87.824265,-83.399994,0.189216,0.000000,0.000000,0.000000,0.000000,0.000000,0.000000,0.000000,0.000000
87.699997,-84.075722,0.189216,0.000000,0.000000,0.000000,0.000000,0.000000,0.000000,0.000000,0.000000
87.699997,-83.524254,0.189216,0.000000,0.000000,0.000000,0.000000,0.000000,0.000000,0.000000,0.000000
86.199989,-83.524254,0.189216,0.000000,0.000000,0.000000,0.000000,0.000000,0.000000,0.000000,0.000000
86.199989,-83.524254,0.189216,0.000000,0.000000,0.000000,0.000000,0.000000,0.000000,0.000000,0.000000
86.199989,-84.075722,0.189216,0.000000,0.000000,0.000000,0.000000,0.000000,0.000000,0.000000,0.000000
87.699997,-84.075722,0.189216,0.000000,0.000000,0.000000,0.000000,0.000000,0.000000,0.000000,0.000000
87.824265,-84.199997,0.189216,0.000000,0.000000,0.000000,0.000000,0.000000,0.000000,0.000000,0.000000
87.699997,-84.075722,0.189216,0.000000,0.000000,0.000000,0.000000,0.000000,0.000000,0.000000,0.000000
86.199989,-84.075722,0.189216,0.000000,0.000000,0.000000,0.000000,0.000000,0.000000,0.000000,0.000000
86.199989,-84.075722,0.189216,0.000000,0.000000,0.000000,0.000000,0.000000,0.000000,0.000000,0.000000
86.075729,-84.199997,0.189216,0.000000,0.000000,0.000000,0.000000,0.000000,0.000000,0.000000,0.000000
87.824265,-84.199997,0.189216,0.000000,0.000000,0.000000,0.000000,0.000000,0.000000,0.000000,0.000000
87.824265,-84.199997,0.189216,0.000000,0.000000,0.000000,0.000000,0.000000,0.000000,0.000000,0.000000
86.075729,-84.199997,0.189216,0.000000,0.000000,0.000000,0.000000,0.000000,0.000000,0.000000,0.000000
88.603500,-88.128471,0.189216,0.000000,0.000000,0.000000,0.000000,0.000000,0.000000,0.000000,0.000000
90.500000,-84.199997,0.189216,0.000000,0.000000,0.000000,0.000000,0.000000,0.000000,0.000000,0.000000
87.824265,-84.199997,0.189216,0.000000,0.000000,0.000000,0.000000,0.000000,0.000000,0.000000,0.000000
88.603500,-88.128471,0.189216,0.000000,0.000000,0.000000,0.000000,0.000000,0.000000,0.000000,0.000000
88.814613,-87.947502,0.189216,0.000000,0.000000,0.000000,0.000000,0.000000,0.000000,0.000000,0.000000
90.500000,-84.199997,0.189216,0.000000,0.000000,0.000000,0.000000,0.000000,0.000000,0.000000,0.000000
88.603500,-88.128471,0.189216,0.000000,0.000000,0.000000,0.000000,0.000000,0.000000,0.000000,0.000000
88.814613,-87.947502,0.189216,0.000000,0.000000,0.000000,0.000000,0.000000,0.000000,0.000000,0.000000
90.500000,-87.947502,0.189216,0.000000,0.000000,0.000000,0.000000,0.000000,0.000000,0.000000,0.000000
90.500000,-84.199997,0.189216,0.000000,0.000000,0.000000,0.000000,0.000000,0.000000,0.000000,0.000000
86.075729,-84.199997,0.189216,0.000000,0.000000,0.000000,0.000000,0.000000,0.000000,0.000000,0.000000
84.699997,-88.352898,0.189216,0.000000,0.000000,0.000000,0.000000,0.000000,0.000000,0.000000,0.000000
88.603500,-88.128471,0.189216,0.000000,0.000000,0.000000,0.000000,0.000000,0.000000,0.000000,0.000000
86.075729,-84.199997,0.189216,0.000000,0.000000,0.000000,0.000000,0.000000,0.000000,0.000000,0.000000
84.699997,-84.199997,0.189216,0.000000,0.000000,0.000000,0.000000,0.000000,0.000000,0.000000,0.000000
84.699997,-88.352898,0.189216,0.000000,0.000000,0.000000,0.000000,0.000000,0.000000,0.000000,0.000000
84.699997,-88.352898,0.189216,0.000000,0.000000,0.000000,0.000000,0.000000,0.000000,0.000000,0.000000
88.532646,-88.352898,0.189216,0.000000,0.000000,0.000000,0.000000,0.000000,0.000000,0.000000,0.000000
88.603500,-88.128471,0.189216,0.000000,0.000000,0.000000,0.000000,0.000000,0.000000,0.000000,0.000000
108.199989,-48.924259,0.189216,0.000000,0.000000,0.000000,0.000000,0.000000,0.000000,0.000000,0.000000
108.199989,-46.475739,0.189216,0.000000,0.000000,0.000000,0.000000,0.000000,0.000000,0.000000,0.000000
108.075729,-46.599995,0.189216,0.000000,0.000000,0.000000,0.000000,0.000000,0.000000,0.000000,0.000000
108.075729,-46.599995,0.189216,0.000000,0.000000,0.000000,0.000000,0.000000,0.000000,0.000000,0.000000
108.075729,-48.799999,0.189216,0.000000,0.000000,0.000000,0.000000,0.000000,0.000000,0.000000,0.000000
108.199989,-48.924259,0.189216,0.000000,0.000000,0.000000,0.000000,0.000000,0.000000,0.000000,0.000000
107.673553,-48.799999,0.189216,0.000000,0.000000,0.000000,0.000000,0.000000,0.000000,0.000000,0.000000
108.075729,-48.799999,0.189216,0.000000,0.000000,0.000000,0.000000,0.000000,0.000000,0.000000,0.000000
108.075729,-46.599995,0.189216,0.000000,0.000000,0.000000,0.000000,0.000000,0.000000,0.000000,0.000000
108.075729,-46.599995,0.189216,0.000000,0.000000,0.000000,0.000000,0.000000,0.000000,0.000000,0.000000
107.673553,-46.600002,0.189216,0.000000,0.000000,0.000000,0.000000,0.000000,0.000000,0.000000,0.000000
107.673553,-48.799999,0.189216,0.000000,0.000000,0.000000,0.000000,0.000000,0.000000,0.000000,0.000000
107.673553,-48.799999,0.189216,0.000000,0.000000,0.000000,0.000000,0.000000,0.000000,0.000000,0.000000
107.673553,-46.600002,0.189216,0.000000,0.000000,0.000000,0.000000,0.000000,0.000000,0.000000,0.000000
107.499992,-46.462013,0.189216,0.000000,0.000000,0.000000,0.000000,0.000000,0.000000,0.000000,0.000000
107.499992,-46.462013,0.189216,0.000000,0.000000,0.000000,0.000000,0.000000,0.000000,0.000000,0.000000
107.499992,-49.012718,0.189216,0.000000,0.000000,0.000000,0.000000,0.000000,0.000000,0.000000,0.000000
107.673553,-48.799999,0.189216,0.000000,0.000000,0.000000,0.000000,0.000000,0.000000,0.000000,0.000000
105.924271,-45.899998,0.189216,0.000000,0.000000,0.000000,0.000000,0.000000,0.000000,0.000000,0.000000
107.499992,-49.012718,0.189216,0.000000,0.000000,0.000000,0.000000,0.000000,0.000000,0.000000,0.000000
107.499992,-46.462013,0.189216,0.000000,0.000000,0.000000,0.000000,0.000000,0.000000,0.000000,0.000000
105.924271,-45.899998,0.189216,0.000000,0.000000,0.000000,0.000000,0.000000,0.000000,0.000000,0.000000
107.499992,-46.462013,0.189216,0.000000,0.000000,0.000000,0.000000,0.000000,0.000000,0.000000,0.000000
107.499992,-45.899998,0.189216,0.000000,0.000000,0.000000,0.000000,0.000000,0.000000,0.000000,0.000000
105.924271,-45.899998,0.189216,0.000000,0.000000,0.000000,0.000000,0.000000,0.000000,0.000000,0.000000
107.499992,-49.499996,0.189216,0.000000,0.000000,0.000000,0.000000,0.000000,0.000000,0.000000,0.000000
107.499992,-49.012718,0.189216,0.000000,0.000000,0.000000,0.000000,0.000000,0.000000,0.000000,0.000000
105.924271,-45.899998,0.189216,0.000000,0.000000,0.000000,0.000000,0.000000,0.000000,0.000000,0.000000
105.924271,-49.499996,0.189216,0.000000,0.000000,0.000000,0.000000,0.000000,0.000000,0.000000,0.000000
107.499992,-49.499996,0.189216,0.000000,0.000000,0.000000,0.000000,0.000000,0.000000,0.000000,0.000000
105.799995,-49.624260,0.189216,0.000000,0.000000,0.000000,0.000000,0.000000,0.000000,0.000000,0.000000
105.924271,-49.499996,0.189216,0.000000,0.000000,0.000000,0.000000,0.000000,0.000000,0.000000,0.000000
105.924271,-45.899998,0.189216,0.000000,0.000000,0.000000,0.000000,0.000000,0.000000,0.000000,0.000000
105.924271,-45.899998,0.189216,0.000000,0.000000,0.000000,0.000000,0.000000,0.000000,0.000000,0.000000
105.799995,-45.775730,0.189216,0.000000,0.000000,0.000000,0.000000,0.000000,0.000000,0.000000,0.000000
105.799995,-49.624260,0.189216,0.000000,0.000000,0.000000,0.000000,0.000000,0.000000,0.000000,0.000000
105.799995,-49.624260,0.189216,0.000000,0.000000,0.000000,0.000000,0.000000,0.000000,0.000000,0.000000
105.799995,-45.775730,0.189216,0.000000,0.000000,0.000000,0.000000,0.000000,0.000000,0.000000,0.000000
105.482254,-40.799992,0.189216,0.000000,0.000000,0.000000,0.000000,0.000000,0.000000,0.000000,0.000000
105.799995,-45.775730,0.189216,0.000000,0.000000,0.000000,0.000000,0.000000,0.000000,0.000000,0.000000
105.810974,-41.123886,0.189216,0.000000,0.000000,0.000000,0.000000,0.000000,0.000000,0.000000,0.000000
105.482254,-40.799992,0.189216,0.000000,0.000000,0.000000,0.000000,0.000000,0.000000,0.000000,0.000000
105.799995,-59.075729,0.189216,0.000000,0.000000,0.000000,0.000000,0.000000,0.000000,0.000000,0.000000
105.799995,-49.624260,0.189216,0.000000,0.000000,0.000000,0.000000,0.000000,0.000000,0.000000,0.000000
105.482254,-40.799992,0.189216,0.000000,0.000000,0.000000,0.000000,0.000000,0.000000,0.000000,0.000000
105.799995,-63.924259,0.189216,0.000000,0.000000,0.000000,0.000000,0.000000,0.000000,0.000000,0.000000
105.799995,-59.075729,0.189216,0.000000,0.000000,0.000000,0.000000,0.000000,0.000000,0.000000,0.000000
105.482254,-40.799992,0.189216,0.000000,0.000000,0.000000,0.000000,0.000000,0.000000,0.000000,0.000000
105.799995,-59.075729,0.189216,0.000000,0.000000,0.000000,0.000000,0.000000,0.000000,0.000000,0.000000
105.799995,-63.924259,0.189216,0.000000,0.000000,0.000000,0.000000,0.000000,0.000000,0.000000,0.000000
105.924271,-63.799995,0.189216,0.000000,0.000000,0.000000,0.000000,0.000000,0.000000,0.000000,0.000000
105.924271,-63.799995,0.189216,0.000000,0.000000,0.000000,0.000000,0.000000,0.000000,0.000000,0.000000
105.924271,-59.199993,0.189216,0.000000,0.000000,0.000000,0.000000,0.000000,0.000000,0.000000,0.000000
105.799995,-59.075729,0.189216,0.000000,0.000000,0.000000,0.000000,0.000000,0.000000,0.000000,0.000000
110.462021,-59.199993,0.189216,0.000000,0.000000,0.000000,0.000000,0.000000,0.000000,0.000000,0.000000
105.924271,-59.199993,0.189216,0.000000,0.000000,0.000000,0.000000,0.000000,0.000000,0.000000,0.000000
105.924271,-63.799995,0.189216,0.000000,0.000000,0.000000,0.000000,0.000000,0.000000,0.000000,0.000000
110.462021,-59.199993,0.189216,0.000000,0.000000,0.000000,0.000000,0.000000,0.000000,0.000000,0.000000
105.924271,-63.799995,0.189216,0.000000,0.000000,0.000000,0.000000,0.000000,0.000000,0.000000,0.000000
113.137970,-59.199993,0.189216,0.000000,0.000000,0.000000,0.000000,0.000000,0.000000,0.000000,0.000000
110.462021,-59.199993,0.189216,0.000000,0.000000,0.000000,0.000000,0.000000,0.000000,0.000000,0.000000
113.137970,-59.199993,0.189216,0.000000,0.000000,0.000000,0.000000,0.000000,0.000000,0.000000,0.000000
113.000000,-59.039021,0.189216,0.000000,0.000000,0.000000,0.000000,0.000000,0.000000,0.000000,0.000000
105.924271,-63.799995,0.189216,0.000000,0.000000,0.000000,0.000000,0.000000,0.000000,0.000000,0.000000
117.875732,-59.199993,0.189216,0.000000,0.000000,0.000000,0.000000,0.000000,0.000000,0.000000,0.000000
113.137970,-59.199993,0.189216,0.000000,0.000000,0.000000,0.000000,0.000000,0.000000,0.000000,0.000000
105.924271,-63.799995,0.189216,0.000000,0.000000,0.000000,0.000000,0.000000,0.000000,0.000000,0.000000
110.475731,-63.799995,0.189216,0.000000,0.000000,0.000000,0.000000,0.000000,0.000000,0.000000,0.000000
117.875732,-59.199993,0.189216,0.000000,0.000000,0.000000,0.000000,0.000000,0.000000,0.000000,0.000000
113.000000,-59.039021,0.189216,0.000000,0.000000,0.000000,0.000000,0.000000,0.000000,0.000000,0.000000
110.600006,-59.039013,0.189216,0.000000,0.000000,0.000000,0.000000,0.000000,0.000000,0.000000,0.000000
110.462021,-59.199993,0.189216,0.000000,0.000000,0.000000,0.000000,0.000000,0.000000,0.000000,0.000000
110.475731,-63.799995,0.189216,0.000000,0.000000,0.000000,0.000000,0.000000,0.000000,0.000000,0.000000
113.324265,-63.799995,0.189216,0.000000,0.000000,0.000000,0.000000,0.000000,0.000000,0.000000,0.000000
117.875732,-59.199993,0.189216,0.000000,0.000000,0.000000,0.000000,0.000000,0.000000,0.000000,0.000000
113.324265,-63.799995,0.189216,0.000000,0.000000,0.000000,0.000000,0.000000,0.000000,0.000000,0.000000
117.875740,-63.799995,0.189216,0.000000,0.000000,0.000000,0.000000,0.000000,0.000000,0.000000,0.000000
117.875732,-59.199993,0.189216,0.000000,0.000000,0.000000,0.000000,0.000000,0.000000,0.000000,0.000000
113.324265,-63.799995,0.189216,0.000000,0.000000,0.000000,0.000000,0.000000,0.000000,0.000000,0.000000
110.475731,-63.799995,0.189216,0.000000,0.000000,0.000000,0.000000,0.000000,0.000000,0.000000,0.000000
110.599991,-63.924259,0.189216,0.000000,0.000000,0.000000,0.000000,0.000000,0.000000,0.000000,0.000000
110.599991,-63.924259,0.189216,0.000000,0.000000,0.000000,0.000000,0.000000,0.000000,0.000000,0.000000
113.199997,-63.924259,0.189216,0.000000,0.000000,0.000000,0.000000,0.000000,0.000000,0.000000,0.000000
113.324265,-63.799995,0.189216,0.000000,0.000000,0.000000,0.000000,0.000000,0.000000,0.000000,0.000000
113.199997,-64.369278,0.189216,0.000000,0.000000,0.000000,0.000000,0.000000,0.000000,0.000000,0.000000
113.199997,-63.924259,0.189216,0.000000,0.000000,0.000000,0.000000,0.000000,0.000000,0.000000,0.000000
110.599991,-63.924259,0.189216,0.000000,0.000000,0.000000,0.000000,0.000000,0.000000,0.000000,0.000000
110.599991,-63.924259,0.189216,0.000000,0.000000,0.000000,0.000000,0.000000,0.000000,0.000000,0.000000
110.600006,-64.369278,0.189216,0.000000,0.000000,0.000000,0.000000,0.000000,0.000000,0.000000,0.000000
113.199997,-64.369278,0.189216,0.000000,0.000000,0.000000,0.000000,0.000000,0.000000,0.000000,0.000000
113.324249,-64.565742,0.189216,0.000000,0.000000,0.000000,0.000000,0.000000,0.000000,0.000000,0.000000
113.199997,-64.369278,0.189216,0.000000,0.000000,0.000000,0.000000,0.000000,0.000000,0.000000,0.000000
110.600006,-64.369278,0.189216,0.000000,0.000000,0.000000,0.000000,0.000000,0.000000,0.000000,0.000000
113.324249,-64.565742,0.189216,0.000000,0.000000,0.000000,0.000000,0.000000,0.000000,0.000000,0.000000
110.600006,-64.369278,0.189216,0.000000,0.000000,0.000000,0.000000,0.000000,0.000000,0.000000,0.000000
110.437759,-64.565742,0.189216,0.000000,0.000000,0.000000,0.000000,0.000000,0.000000,0.000000,0.000000
113.324249,-64.565742,0.189216,0.000000,0.000000,0.000000,0.000000,0.000000,0.000000,0.000000,0.000000
110.437759,-64.565742,0.189216,0.000000,0.000000,0.000000,0.000000,0.000000,0.000000,0.000000,0.000000
109.600006,-69.875732,0.189216,0.000000,0.000000,0.000000,0.000000,0.000000,0.000000,0.000000,0.000000
110.437759,-64.565742,0.189216,0.000000,0.000000,0.000000,0.000000,0.000000,0.000000,0.000000,0.000000
109.599998,-64.565742,0.189216,0.000000,0.000000,0.000000,0.000000,0.000000,0.000000,0.000000,0.000000
109.600006,-69.875732,0.189216,0.000000,0.000000,0.000000,0.000000,0.000000,0.000000,0.000000,0.000000
111.062012,-56.614124,0.189216,0.000000,0.000000,0.000000,0.000000,0.000000,0.000000,0.000000,0.000000
110.600006,-59.039013,0.189216,0.000000,0.000000,0.000000,0.000000,0.000000,0.000000,0.000000,0.000000
113.000000,-59.039021,0.189216,0.000000,0.000000,0.000000,0.000000,0.000000,0.000000,0.000000,0.000000
111.062012,-56.614124,0.189216,0.000000,0.000000,0.000000,0.000000,0.000000,0.000000,0.000000,0.000000
110.599991,-56.614124,0.189216,0.000000,0.000000,0.000000,0.000000,0.000000,0.000000,0.000000,0.000000
110.600006,-59.039013,0.189216,0.000000,0.000000,0.000000,0.000000,0.000000,0.000000,0.000000,0.000000
111.062012,-56.614124,0.189216,0.000000,0.000000,0.000000,0.000000,0.000000,0.000000,0.000000,0.000000
113.000000,-59.039021,0.189216,0.000000,0.000000,0.000000,0.000000,0.000000,0.000000,0.000000,0.000000
112.571754,-56.614124,0.189216,0.000000,0.000000,0.000000,0.000000,0.000000,0.000000,0.000000,0.000000
113.000000,-59.039021,0.189216,0.000000,0.000000,0.000000,0.000000,0.000000,0.000000,0.000000,0.000000
113.000000,-56.614124,0.189216,0.000000,0.000000,0.000000,0.000000,0.000000,0.000000,0.000000,0.000000
112.571754,-56.614124,0.189216,0.000000,0.000000,0.000000,0.000000,0.000000,0.000000,0.000000,0.000000
111.062012,-56.614124,0.189216,0.000000,0.000000,0.000000,0.000000,0.000000,0.000000,0.000000,0.000000
112.571754,-56.614124,0.189216,0.000000,0.000000,0.000000,0.000000,0.000000,0.000000,0.000000,0.000000
112.399994,-56.408352,0.189216,0.000000,0.000000,0.000000,0.000000,0.000000,0.000000,0.000000,0.000000
112.399994,-56.408352,0.189216,0.000000,0.000000,0.000000,0.000000,0.000000,0.000000,0.000000,0.000000
111.199997,-56.408352,0.189216,0.000000,0.000000,0.000000,0.000000,0.000000,0.000000,0.000000,0.000000
111.062012,-56.614124,0.189216,0.000000,0.000000,0.000000,0.000000,0.000000,0.000000,0.000000,0.000000
111.199997,-55.924259,0.189216,0.000000,0.000000,0.000000,0.000000,0.000000,0.000000,0.000000,0.000000
111.199997,-56.408352,0.189216,0.000000,0.000000,0.000000,0.000000,0.000000,0.000000,0.000000,0.000000
112.399994,-56.408352,0.189216,0.000000,0.000000,0.000000,0.000000,0.000000,0.000000,0.000000,0.000000
112.399994,-56.408352,0.189216,0.000000,0.000000,0.000000,0.000000,0.000000,0.000000,0.000000,0.000000
112.399994,-55.924259,0.189216,0.000000,0.000000,0.000000,0.000000,0.000000,0.000000,0.000000,0.000000
111.199997,-55.924259,0.189216,0.000000,0.000000,0.000000,0.000000,0.000000,0.000000,0.000000,0.000000
111.075714,-55.799984,0.189216,0.000000,0.000000,0.000000,0.000000,0.000000,0.000000,0.000000,0.000000
111.199997,-55.924259,0.189216,0.000000,0.000000,0.000000,0.000000,0.000000,0.000000,0.000000,0.000000
112.399994,-55.924259,0.189216,0.000000,0.000000,0.000000,0.000000,0.000000,0.000000,0.000000,0.000000
112.399994,-55.924259,0.189216,0.000000,0.000000,0.000000,0.000000,0.000000,0.000000,0.000000,0.000000
112.524261,-55.799995,0.189216,0.000000,0.000000,0.000000,0.000000,0.000000,0.000000,0.000000,0.000000
111.075714,-55.799984,0.189216,0.000000,0.000000,0.000000,0.000000,0.000000,0.000000,0.000000,0.000000
109.106575,-53.724266,0.189216,0.000000,0.000000,0.000000,0.000000,0.000000,0.000000,0.000000,0.000000
111.075714,-55.799984,0.189216,0.000000,0.000000,0.000000,0.000000,0.000000,0.000000,0.000000,0.000000
112.524261,-55.799995,0.189216,0.000000,0.000000,0.000000,0.000000,0.000000,0.000000,0.000000,0.000000
109.106575,-53.724266,0.189216,0.000000,0.000000,0.000000,0.000000,0.000000,0.000000,0.000000,0.000000
109.600006,-55.799953,0.189216,0.000000,0.000000,0.000000,0.000000,0.000000,0.000000,0.000000,0.000000
111.075714,-55.799984,0.189216,0.000000,0.000000,0.000000,0.000000,0.000000,0.000000,0.000000,0.000000
108.982300,-53.599995,0.189216,0.000000,0.000000,0.000000,0.000000,0.000000,0.000000,0.000000,0.000000
109.106575,-53.724266,0.189216,0.000000,0.000000,0.000000,0.000000,0.000000,0.000000,0.000000,0.000000
112.524261,-55.799995,0.189216,0.000000,0.000000,0.000000,0.000000,0.000000,0.000000,0.000000,0.000000
108.982300,-53.599995,0.189216,0.000000,0.000000,0.000000,0.000000,0.000000,0.000000,0.000000,0.000000
112.524261,-55.799995,0.189216,0.000000,0.000000,0.000000,0.000000,0.000000,0.000000,0.000000,0.000000
113.800003,-47.524265,0.189216,0.000000,0.000000,0.000000,0.000000,0.000000,0.000000,0.000000,0.000000
108.199982,-53.599995,0.189216,0.000000,0.000000,0.000000,0.000000,0.000000,0.000000,0.000000,0.000000
108.982300,-53.599995,0.189216,0.000000,0.000000,0.000000,0.000000,0.000000,0.000000,0.000000,0.000000
113.800003,-47.524265,0.189216,0.000000,0.000000,0.000000,0.000000,0.000000,0.000000,0.000000,0.000000
108.199982,-53.599995,0.189216,0.000000,0.000000,0.000000,0.000000,0.000000,0.000000,0.000000,0.000000
113.800003,-47.524265,0.189216,0.000000,0.000000,0.000000,0.000000,0.000000,0.000000,0.000000,0.000000
108.199989,-46.475739,0.189216,0.000000,0.000000,0.000000,0.000000,0.000000,0.000000,0.000000,0.000000
112.524261,-55.799995,0.189216,0.000000,0.000000,0.000000,0.000000,0.000000,0.000000,0.000000,0.000000
113.800003,-50.639446,0.189216,0.000000,0.000000,0.000000,0.000000,0.000000,0.000000,0.000000,0.000000
113.800003,-47.524265,0.189216,0.000000,0.000000,0.000000,0.000000,0.000000,0.000000,0.000000,0.000000
112.524261,-55.799995,0.189216,0.000000,0.000000,0.000000,0.000000,0.000000,0.000000,0.000000,0.000000
113.073349,-54.938423,0.189216,0.000000,0.000000,0.000000,0.000000,0.000000,0.000000,0.000000,0.000000
113.800003,-50.639446,0.189216,0.000000,0.000000,0.000000,0.000000,0.000000,0.000000,0.000000,0.000000
112.524261,-55.799995,0.189216,0.000000,0.000000,0.000000,0.000000,0.000000,0.000000,0.000000,0.000000
113.073349,-55.799984,0.189216,0.000000,0.000000,0.000000,0.000000,0.000000,0.000000,0.000000,0.000000
113.073349,-54.938423,0.189216,0.000000,0.000000,0.000000,0.000000,0.000000,0.000000,0.000000,0.000000
113.073349,-54.938423,0.189216,0.000000,0.000000,0.000000,0.000000,0.000000,0.000000,0.000000,0.000000
114.399994,-51.039452,0.189216,0.000000,0.000000,0.000000,0.000000,0.000000,0.000000,0.000000,0.000000
113.800003,-50.639446,0.189216,0.000000,0.000000,0.000000,0.000000,0.000000,0.000000,0.000000,0.000000
113.800003,-47.524265,0.189216,0.000000,0.000000,0.000000,0.000000,0.000000,0.000000,0.000000,0.000000
114.129387,-44.613754,0.189216,0.000000,0.000000,0.000000,0.000000,0.000000,0.000000,0.000000,0.000000
108.199989,-46.475739,0.189216,0.000000,0.000000,0.000000,0.000000,0.000000,0.000000,0.000000,0.000000
113.800003,-47.524265,0.189216,0.000000,0.000000,0.000000,0.000000,0.000000,0.000000,0.000000,0.000000
114.358208,-44.813995,0.189216,0.000000,0.000000,0.000000,0.000000,0.000000,0.000000,0.000000,0.000000
114.129387,-44.613754,0.189216,0.000000,0.000000,0.000000,0.000000,0.000000,0.000000,0.000000,0.000000
113.800003,-47.524265,0.189216,0.000000,0.000000,0.000000,0.000000,0.000000,0.000000,0.000000,0.000000
115.399979,-44.826126,0.189216,0.000000,0.000000,0.000000,0.000000,0.000000,0.000000,0.000000,0.000000
114.358208,-44.813995,0.189216,0.000000,0.000000,0.000000,0.000000,0.000000,0.000000,0.000000,0.000000
113.800003,-47.524265,0.189216,0.000000,0.000000,0.000000,0.000000,0.000000,0.000000,0.000000,0.000000
113.924263,-47.399990,0.189216,0.000000,0.000000,0.000000,0.000000,0.000000,0.000000,0.000000,0.000000
115.399979,-44.826126,0.189216,0.000000,0.000000,0.000000,0.000000,0.000000,0.000000,0.000000,0.000000
113.924263,-47.399990,0.189216,0.000000,0.000000,0.000000,0.000000,0.000000,0.000000,0.000000,0.000000
115.399994,-47.399990,0.189216,0.000000,0.000000,0.000000,0.000000,0.000000,0.000000,0.000000,0.000000
115.399979,-44.826126,0.189216,0.000000,0.000000,0.000000,0.000000,0.000000,0.000000,0.000000,0.000000
114.129387,-44.613754,0.189216,0.000000,0.000000,0.000000,0.000000,0.000000,0.000000,0.000000,0.000000
108.340248,-42.601345,0.189215,0.000000,0.000000,0.000000,0.000000,0.000000,0.000000,0.000000,0.000000
108.199989,-46.475739,0.189216,0.000000,0.000000,0.000000,0.000000,0.000000,0.000000,0.000000,0.000000
114.129387,-44.613754,0.189216,0.000000,0.000000,0.000000,0.000000,0.000000,0.000000,0.000000,0.000000
113.835976,-42.599998,0.189216,0.000000,0.000000,0.000000,0.000000,0.000000,0.000000,0.000000,0.000000
108.340248,-42.601345,0.189215,0.000000,0.000000,0.000000,0.000000,0.000000,0.000000,0.000000,0.000000
108.340248,-42.601345,0.189215,0.000000,0.000000,0.000000,0.000000,0.000000,0.000000,0.000000,0.000000
108.209625,-42.732143,0.189215,0.000000,0.000000,0.000000,0.000000,0.000000,0.000000,0.000000,0.000000
108.199989,-46.475739,0.189216,0.000000,0.000000,0.000000,0.000000,0.000000,0.000000,0.000000,0.000000
49.793938,-31.681797,0.189216,0.000000,0.000000,0.000000,0.000000,0.000000,0.000000,0.000000,0.000000
48.911087,-31.574839,0.189216,0.000000,0.000000,0.000000,0.000000,0.000000,0.000000,0.000000,0.000000
48.730145,-31.918951,0.189216,0.000000,0.000000,0.000000,0.000000,0.000000,0.000000,0.000000,0.000000
49.793938,-31.681797,0.189216,0.000000,0.000000,0.000000,0.000000,0.000000,0.000000,0.000000,0.000000
48.730145,-31.918951,0.189216,0.000000,0.000000,0.000000,0.000000,0.000000,0.000000,0.000000,0.000000
51.205170,-38.249527,0.189216,0.000000,0.000000,0.000000,0.000000,0.000000,0.000000,0.000000,0.000000
48.730145,-31.918951,0.189216,0.000000,0.000000,0.000000,0.000000,0.000000,0.000000,0.000000,0.000000
48.275246,-31.918951,0.189216,0.000000,0.000000,0.000000,0.000000,0.000000,0.000000,0.000000,0.000000
51.205170,-38.249527,0.189216,0.000000,0.000000,0.000000,0.000000,0.000000,0.000000,0.000000,0.000000
49.793938,-31.681797,0.189216,0.000000,0.000000,0.000000,0.000000,0.000000,0.000000,0.000000,0.000000
51.205170,-38.249527,0.189216,0.000000,0.000000,0.000000,0.000000,0.000000,0.000000,0.000000,0.000000
51.027931,-31.217272,0.189216,0.000000,0.000000,0.000000,0.000000,0.000000,0.000000,0.000000,0.000000
49.793938,-31.681797,0.189216,0.000000,0.000000,0.000000,0.000000,0.000000,0.000000,0.000000,0.000000
51.027931,-31.217272,0.189216,0.000000,0.000000,0.000000,0.000000,0.000000,0.000000,0.000000,0.000000
50.162273,-31.313456,0.189216,0.000000,0.000000,0.000000,0.000000,0.000000,0.000000,0.000000,0.000000
51.205170,-38.249527,0.189216,0.000000,0.000000,0.000000,0.000000,0.000000,0.000000,0.000000,0.000000
51.432453,-37.719185,0.189216,0.000000,0.000000,0.000000,0.000000,0.000000,0.000000,0.000000,0.000000
51.027931,-31.217272,0.189216,0.000000,0.000000,0.000000,0.000000,0.000000,0.000000,0.000000,0.000000
51.299995,-30.809164,0.189216,0.000000,0.000000,0.000000,0.000000,0.000000,0.000000,0.000000,0.000000
51.027931,-31.217272,0.189216,0.000000,0.000000,0.000000,0.000000,0.000000,0.000000,0.000000,0.000000
51.432453,-37.719185,0.189216,0.000000,0.000000,0.000000,0.000000,0.000000,0.000000,0.000000,0.000000
51.299995,-30.809164,0.189216,0.000000,0.000000,0.000000,0.000000,0.000000,0.000000,0.000000,0.000000
51.432453,-37.719185,0.189216,0.000000,0.000000,0.000000,0.000000,0.000000,0.000000,0.000000,0.000000
51.870815,-37.500000,0.189216,0.000000,0.000000,0.000000,0.000000,0.000000,0.000000,0.000000,0.000000
51.299995,-30.809164,0.189216,0.000000,0.000000,0.000000,0.000000,0.000000,0.000000,0.000000,0.000000
51.870815,-37.500000,0.189216,0.000000,0.000000,0.000000,0.000000,0.000000,0.000000,0.000000,0.000000
52.275742,-37.500000,0.189216,0.000000,0.000000,0.000000,0.000000,0.000000,0.000000,0.000000,0.000000
56.099998,-33.875736,0.189216,0.000000,0.000000,0.000000,0.000000,0.000000,0.000000,0.000000,0.000000
51.299995,-30.809164,0.189216,0.000000,0.000000,0.000000,0.000000,0.000000,0.000000,0.000000,0.000000
52.275742,-37.500000,0.189216,0.000000,0.000000,0.000000,0.000000,0.000000,0.000000,0.000000,0.000000
56.099998,-33.875736,0.189216,0.000000,0.000000,0.000000,0.000000,0.000000,0.000000,0.000000,0.000000
52.275742,-37.500000,0.189216,0.000000,0.000000,0.000000,0.000000,0.000000,0.000000,0.000000,0.000000
52.399998,-37.624256,0.189216,0.000000,0.000000,0.000000,0.000000,0.000000,0.000000,0.000000,0.000000
56.099998,-33.875736,0.189216,0.000000,0.000000,0.000000,0.000000,0.000000,0.000000,0.000000,0.000000
52.399998,-37.624256,0.189216,0.000000,0.000000,0.000000,0.000000,0.000000,0.000000,0.000000,0.000000
52.611076,-39.835331,0.189216,0.000000,0.000000,0.000000,0.000000,0.000000,0.000000,0.000000,0.000000
52.399998,-37.624256,0.189216,0.000000,0.000000,0.000000,0.000000,0.000000,0.000000,0.000000,0.000000
52.399998,-37.925903,0.189216,0.000000,0.000000,0.000000,0.000000,0.000000,0.000000,0.000000,0.000000
52.611076,-39.835331,0.189216,0.000000,0.000000,0.000000,0.000000,0.000000,0.000000,0.000000,0.000000
52.399998,-37.925903,0.189216,0.000000,0.000000,0.000000,0.000000,0.000000,0.000000,0.000000,0.000000
51.700001,-38.924263,0.189216,0.000000,0.000000,0.000000,0.000000,0.000000,0.000000,0.000000,0.000000
52.611076,-39.835331,0.189216,0.000000,0.000000,0.000000,0.000000,0.000000,0.000000,0.000000,0.000000
52.399998,-37.925903,0.189216,0.000000,0.000000,0.000000,0.000000,0.000000,0.000000,0.000000,0.000000
51.700001,-38.325901,0.189216,0.000000,0.000000,0.000000,0.000000,0.000000,0.000000,0.000000,0.000000
51.700001,-38.924263,0.189216,0.000000,0.000000,0.000000,0.000000,0.000000,0.000000,0.000000,0.000000
56.099998,-33.875736,0.189216,0.000000,0.000000,0.000000,0.000000,0.000000,0.000000,0.000000,0.000000
55.265289,-29.900000,0.189216,0.000000,0.000000,0.000000,0.000000,0.000000,0.000000,0.000000,0.000000
51.299995,-30.809164,0.189216,0.000000,0.000000,0.000000,0.000000,0.000000,0.000000,0.000000,0.000000
56.099998,-33.875736,0.189216,0.000000,0.000000,0.000000,0.000000,0.000000,0.000000,0.000000,0.000000
56.099998,-30.847240,0.189216,0.000000,0.000000,0.000000,0.000000,0.000000,0.000000,0.000000,0.000000
55.265289,-29.900000,0.189216,0.000000,0.000000,0.000000,0.000000,0.000000,0.000000,0.000000,0.000000
55.265289,-29.900000,0.189216,0.000000,0.000000,0.000000,0.000000,0.000000,0.000000,0.000000,0.000000
51.299995,-30.524260,0.189216,0.000000,0.000000,0.000000,0.000000,0.000000,0.000000,0.000000,0.000000
51.299995,-30.809164,0.189216,0.000000,0.000000,0.000000,0.000000,0.000000,0.000000,0.000000,0.000000
55.265289,-29.900000,0.189216,0.000000,0.000000,0.000000,0.000000,0.000000,0.000000,0.000000,0.000000
51.768517,-29.899996,0.189216,0.000000,0.000000,0.000000,0.000000,0.000000,0.000000,0.000000,0.000000
51.299995,-30.524260,0.189216,0.000000,0.000000,0.000000,0.000000,0.000000,0.000000,0.000000,0.000000
100.849998,-87.584862,0.189216,0.000000,0.000000,0.000000,0.000000,0.000000,0.000000,0.000000,0.000000
100.849998,-84.299995,0.189216,0.000000,0.000000,0.000000,0.000000,0.000000,0.000000,0.000000,0.000000
97.824265,-84.299995,0.189216,0.000000,0.000000,0.000000,0.000000,0.000000,0.000000,0.000000,0.000000
100.849998,-87.584862,0.189216,0.000000,0.000000,0.000000,0.000000,0.000000,0.000000,0.000000,0.000000
97.824265,-84.299995,0.189216,0.000000,0.000000,0.000000,0.000000,0.000000,0.000000,0.000000,0.000000
101.133583,-87.899994,0.189216,0.000000,0.000000,0.000000,0.000000,0.000000,0.000000,0.000000,0.000000
97.824265,-84.299995,0.189216,0.000000,0.000000,0.000000,0.000000,0.000000,0.000000,0.000000,0.000000
93.975739,-84.299995,0.189216,0.000000,0.000000,0.000000,0.000000,0.000000,0.000000,0.000000,0.000000
101.133583,-87.899994,0.189216,0.000000,0.000000,0.000000,0.000000,0.000000,0.000000,0.000000,0.000000
93.975739,-84.299995,0.189216,0.000000,0.000000,0.000000,0.000000,0.000000,0.000000,0.000000,0.000000
91.299995,-84.299995,0.189216,0.000000,0.000000,0.000000,0.000000,0.000000,0.000000,0.000000,0.000000
101.133583,-87.899994,0.189216,0.000000,0.000000,0.000000,0.000000,0.000000,0.000000,0.000000,0.000000
91.299995,-84.299995,0.189216,0.000000,0.000000,0.000000,0.000000,0.000000,0.000000,0.000000,0.000000
91.299995,-87.899986,0.189216,0.000000,0.000000,0.000000,0.000000,0.000000,0.000000,0.000000,0.000000
101.133583,-87.899994,0.189216,0.000000,0.000000,0.000000,0.000000,0.000000,0.000000,0.000000,0.000000
94.099998,-84.175720,0.189216,0.000000,0.000000,0.000000,0.000000,0.000000,0.000000,0.000000,0.000000
93.975739,-84.299995,0.189216,0.000000,0.000000,0.000000,0.000000,0.000000,0.000000,0.000000,0.000000
97.824265,-84.299995,0.189216,0.000000,0.000000,0.000000,0.000000,0.000000,0.000000,0.000000,0.000000
97.824265,-84.299995,0.189216,0.000000,0.000000,0.000000,0.000000,0.000000,0.000000,0.000000,0.000000
97.699997,-84.175720,0.189216,0.000000,0.000000,0.000000,0.000000,0.000000,0.000000,0.000000,0.000000
94.099998,-84.175720,0.189216,0.000000,0.000000,0.000000,0.000000,0.000000,0.000000,0.000000,0.000000
94.099998,-83.524254,0.189216,0.000000,0.000000,0.000000,0.000000,0.000000,0.000000,0.000000,0.000000
94.099998,-84.175720,0.189216,0.000000,0.000000,0.000000,0.000000,0.000000,0.000000,0.000000,0.000000
97.699997,-84.175720,0.189216,0.000000,0.000000,0.000000,0.000000,0.000000,0.000000,0.000000,0.000000
97.699997,-84.175720,0.189216,0.000000,0.000000,0.000000,0.000000,0.000000,0.000000,0.000000,0.000000
97.699997,-83.524254,0.189216,0.000000,0.000000,0.000000,0.000000,0.000000,0.000000,0.000000,0.000000
94.099998,-83.524254,0.189216,0.000000,0.000000,0.000000,0.000000,0.000000,0.000000,0.000000,0.000000
93.975731,-83.399994,0.189216,0.000000,0.000000,0.000000,0.000000,0.000000,0.000000,0.000000,0.000000
94.099998,-83.524254,0.189216,0.000000,0.000000,0.000000,0.000000,0.000000,0.000000,0.000000,0.000000
97.699997,-83.524254,0.189216,0.000000,0.000000,0.000000,0.000000,0.000000,0.000000,0.000000,0.000000
97.699997,-83.524254,0.189216,0.000000,0.000000,0.000000,0.000000,0.000000,0.000000,0.000000,0.000000
97.824265,-83.399994,0.189216,0.000000,0.000000,0.000000,0.000000,0.000000,0.000000,0.000000,0.000000
93.975731,-83.399994,0.189216,0.000000,0.000000,0.000000,0.000000,0.000000,0.000000,0.000000,0.000000
93.975731,-83.399994,0.189216,0.000000,0.000000,0.000000,0.000000,0.000000,0.000000,0.000000,0.000000
97.824265,-83.399994,0.189216,0.000000,0.000000,0.000000,0.000000,0.000000,0.000000,0.000000,0.000000
99.893532,-81.330719,0.189216,0.000000,0.000000,0.000000,0.000000,0.000000,0.000000,0.000000,0.000000
97.824265,-83.399994,0.189216,0.000000,0.000000,0.000000,0.000000,0.000000,0.000000,0.000000,0.000000
99.784622,-83.399994,0.189216,0.000000,0.000000,0.000000,0.000000,0.000000,0.000000,0.000000,0.000000
99.893532,-81.330719,0.189216,0.000000,0.000000,0.000000,0.000000,0.000000,0.000000,0.000000,0.000000
93.975731,-83.399994,0.189216,0.000000,0.000000,0.000000,0.000000,0.000000,0.000000,0.000000,0.000000
99.893532,-81.330719,0.189216,0.000000,0.000000,0.000000,0.000000,0.000000,0.000000,0.000000,0.000000
100.800003,-79.724266,0.189216,0.000000,0.000000,0.000000,0.000000,0.000000,0.000000,0.000000,0.000000
99.893532,-81.330719,0.189216,0.000000,0.000000,0.000000,0.000000,0.000000,0.000000,0.000000,0.000000
100.002968,-81.221298,0.189216,0.000000,0.000000,0.000000,0.000000,0.000000,0.000000,0.000000,0.000000
100.800003,-79.724266,0.189216,0.000000,0.000000,0.000000,0.000000,0.000000,0.000000,0.000000,0.000000
100.002968,-81.221298,0.189216,0.000000,0.000000,0.000000,0.000000,0.000000,0.000000,0.000000,0.000000
100.799988,-81.183731,0.189216,0.000000,0.000000,0.000000,0.000000,0.000000,0.000000,0.000000,0.000000
100.800003,-79.724266,0.189216,0.000000,0.000000,0.000000,0.000000,0.000000,0.000000,0.000000,0.000000
75.055939,-73.546165,0.189216,0.000000,0.000000,0.000000,0.000000,0.000000,0.000000,0.000000,0.000000
75.214119,-74.500000,0.189216,0.000000,0.000000,0.000000,0.000000,0.000000,0.000000,0.000000,0.000000
76.910324,-74.500000,0.189216,0.000000,0.000000,0.000000,0.000000,0.000000,0.000000,0.000000,0.000000
75.055939,-73.546165,0.189216,0.000000,0.000000,0.000000,0.000000,0.000000,0.000000,0.000000,0.000000
76.910324,-74.500000,0.189216,0.000000,0.000000,0.000000,0.000000,0.000000,0.000000,0.000000,0.000000
74.809135,-73.318748,0.189216,0.000000,0.000000,0.000000,0.000000,0.000000,0.000000,0.000000,0.000000
76.910324,-74.500000,0.189216,0.000000,0.000000,0.000000,0.000000,0.000000,0.000000,0.000000,0.000000
76.900658,-73.504379,0.189216,0.000000,0.000000,0.000000,0.000000,0.000000,0.000000,0.000000,0.000000
74.809135,-73.318748,0.189216,0.000000,0.000000,0.000000,0.000000,0.000000,0.000000,0.000000,0.000000
76.900658,-73.504379,0.189216,0.000000,0.000000,0.000000,0.000000,0.000000,0.000000,0.000000,0.000000
71.000000,-72.787781,0.189216,0.000000,0.000000,0.000000,0.000000,0.000000,0.000000,0.000000,0.000000
74.809135,-73.318748,0.189216,0.000000,0.000000,0.000000,0.000000,0.000000,0.000000,0.000000,0.000000
71.000000,-72.787781,0.189216,0.000000,0.000000,0.000000,0.000000,0.000000,0.000000,0.000000,0.000000
73.654381,-73.511803,0.189216,0.000000,0.000000,0.000000,0.000000,0.000000,0.000000,0.000000,0.000000
74.809135,-73.318748,0.189216,0.000000,0.000000,0.000000,0.000000,0.000000,0.000000,0.000000,0.000000
76.900658,-73.504379,0.189216,0.000000,0.000000,0.000000,0.000000,0.000000,0.000000,0.000000,0.000000
77.072006,-73.365662,0.189216,0.000000,0.000000,0.000000,0.000000,0.000000,0.000000,0.000000,0.000000
71.000000,-72.787781,0.189216,0.000000,0.000000,0.000000,0.000000,0.000000,0.000000,0.000000,0.000000
77.072006,-73.365662,0.189216,0.000000,0.000000,0.000000,0.000000,0.000000,0.000000,0.000000,0.000000
101.773026,-68.699989,0.189216,0.000000,0.000000,0.000000,0.000000,0.000000,0.000000,0.000000,0.000000
71.000000,-72.787781,0.189216,0.000000,0.000000,0.000000,0.000000,0.000000,0.000000,0.000000,0.000000
77.072006,-73.365662,0.189216,0.000000,0.000000,0.000000,0.000000,0.000000,0.000000,0.000000,0.000000
78.884964,-73.370499,0.189216,0.000000,0.000000,0.000000,0.000000,0.000000,0.000000,0.000000,0.000000
101.773026,-68.699989,0.189216,0.000000,0.000000,0.000000,0.000000,0.000000,0.000000,0.000000,0.000000
78.884964,-73.370499,0.189216,0.000000,0.000000,0.000000,0.000000,0.000000,0.000000,0.000000,0.000000
85.824265,-74.500000,0.189216,0.000000,0.000000,0.000000,0.000000,0.000000,0.000000,0.000000,0.000000
101.773026,-68.699989,0.189216,0.000000,0.000000,0.000000,0.000000,0.000000,0.000000,0.000000,0.000000
78.884964,-73.370499,0.189216,0.000000,0.000000,0.000000,0.000000,0.000000,0.000000,0.000000,0.000000
83.175728,-74.500000,0.189216,0.000000,0.000000,0.000000,0.000000,0.000000,0.000000,0.000000,0.000000
85.824265,-74.500000,0.189216,0.000000,0.000000,0.000000,0.000000,0.000000,0.000000,0.000000,0.000000
78.884964,-73.370499,0.189216,0.000000,0.000000,0.000000,0.000000,0.000000,0.000000,0.000000,0.000000
79.171303,-73.620644,0.189216,0.000000,0.000000,0.000000,0.000000,0.000000,0.000000,0.000000,0.000000
83.175728,-74.500000,0.189216,0.000000,0.000000,0.000000,0.000000,0.000000,0.000000,0.000000,0.000000
79.171303,-73.620644,0.189216,0.000000,0.000000,0.000000,0.000000,0.000000,0.000000,0.000000,0.000000
79.211464,-74.500000,0.189216,0.000000,0.000000,0.000000,0.000000,0.000000,0.000000,0.000000,0.000000
83.175728,-74.500000,0.189216,0.000000,0.000000,0.000000,0.000000,0.000000,0.000000,0.000000,0.000000
85.824265,-74.500000,0.189216,0.000000,0.000000,0.000000,0.000000,0.000000,0.000000,0.000000,0.000000
83.175728,-74.500000,0.189216,0.000000,0.000000,0.000000,0.000000,0.000000,0.000000,0.000000,0.000000
83.300003,-74.624252,0.189216,0.000000,0.000000,0.000000,0.000000,0.000000,0.000000,0.000000,0.000000
83.300003,-74.624252,0.189216,0.000000,0.000000,0.000000,0.000000,0.000000,0.000000,0.000000,0.000000
85.699997,-74.624252,0.189216,0.000000,0.000000,0.000000,0.000000,0.000000,0.000000,0.000000,0.000000
85.824265,-74.500000,0.189216,0.000000,0.000000,0.000000,0.000000,0.000000,0.000000,0.000000,0.000000
85.699997,-75.161530,0.189216,0.000000,0.000000,0.000000,0.000000,0.000000,0.000000,0.000000,0.000000
85.699997,-74.624252,0.189216,0.000000,0.000000,0.000000,0.000000,0.000000,0.000000,0.000000,0.000000
83.300003,-74.624252,0.189216,0.000000,0.000000,0.000000,0.000000,0.000000,0.000000,0.000000,0.000000
83.300003,-74.624252,0.189216,0.000000,0.000000,0.000000,0.000000,0.000000,0.000000,0.000000,0.000000
83.300003,-75.161530,0.189216,0.000000,0.000000,0.000000,0.000000,0.000000,0.000000,0.000000,0.000000
85.699997,-75.161530,0.189216,0.000000,0.000000,0.000000,0.000000,0.000000,0.000000,0.000000,0.000000
85.699997,-75.161530,0.189216,0.000000,0.000000,0.000000,0.000000,0.000000,0.000000,0.000000,0.000000
83.300003,-75.161530,0.189216,0.000000,0.000000,0.000000,0.000000,0.000000,0.000000,0.000000,0.000000
83.299995,-76.776909,0.189216,0.000000,0.000000,0.000000,0.000000,0.000000,0.000000,0.000000,0.000000
85.816696,-75.300011,0.189216,0.000000,0.000000,0.000000,0.000000,0.000000,0.000000,0.000000,0.000000
85.699997,-75.161530,0.189216,0.000000,0.000000,0.000000,0.000000,0.000000,0.000000,0.000000,0.000000
83.299995,-76.776909,0.189216,0.000000,0.000000,0.000000,0.000000,0.000000,0.000000,0.000000,0.000000
85.816696,-75.300011,0.189216,0.000000,0.000000,0.000000,0.000000,0.000000,0.000000,0.000000,0.000000
83.299995,-76.776909,0.189216,0.000000,0.000000,0.000000,0.000000,0.000000,0.000000,0.000000,0.000000
83.236786,-76.886459,0.189216,0.000000,0.000000,0.000000,0.000000,0.000000,0.000000,0.000000,0.000000
85.816696,-75.300011,0.189216,0.000000,0.000000,0.000000,0.000000,0.000000,0.000000,0.000000,0.000000
83.236786,-76.886459,0.189216,0.000000,0.000000,0.000000,0.000000,0.000000,0.000000,0.000000,0.000000
84.607780,-82.589081,0.189216,0.000000,0.000000,0.000000,0.000000,0.000000,0.000000,0.000000,0.000000
83.236786,-76.886459,0.189216,0.000000,0.000000,0.000000,0.000000,0.000000,0.000000,0.000000,0.000000
82.500000,-82.109352,0.189216,0.000000,0.000000,0.000000,0.000000,0.000000,0.000000,0.000000,0.000000
84.607780,-82.589081,0.189216,0.000000,0.000000,0.000000,0.000000,0.000000,0.000000,0.000000,0.000000
83.236786,-76.886459,0.189216,0.000000,0.000000,0.000000,0.000000,0.000000,0.000000,0.000000,0.000000
82.499985,-77.037384,0.189216,0.000000,0.000000,0.000000,0.000000,0.000000,0.000000,0.000000,0.000000
82.500000,-82.109352,0.189216,0.000000,0.000000,0.000000,0.000000,0.000000,0.000000,0.000000,0.000000
82.500000,-82.109352,0.189216,0.000000,0.000000,0.000000,0.000000,0.000000,0.000000,0.000000,0.000000
82.810112,-82.403320,0.189216,0.000000,0.000000,0.000000,0.000000,0.000000,0.000000,0.000000,0.000000
84.607780,-82.589081,0.189216,0.000000,0.000000,0.000000,0.000000,0.000000,0.000000,0.000000,0.000000
60.131245,-53.297733,0.189216,0.000000,0.000000,0.000000,0.000000,0.000000,0.000000,0.000000,0.000000
61.273090,-53.805222,0.189216,0.000000,0.000000,0.000000,0.000000,0.000000,0.000000,0.000000,0.000000
61.838913,-53.280594,0.189216,0.000000,0.000000,0.000000,0.000000,0.000000,0.000000,0.000000,0.000000
60.131245,-53.297733,0.189216,0.000000,0.000000,0.000000,0.000000,0.000000,0.000000,0.000000,0.000000
61.838913,-53.280594,0.189216,0.000000,0.000000,0.000000,0.000000,0.000000,0.000000,0.000000,0.000000
66.924255,-42.990673,0.189216,0.000000,0.000000,0.000000,0.000000,0.000000,0.000000,0.000000,0.000000
61.838913,-53.280594,0.189216,0.000000,0.000000,0.000000,0.000000,0.000000,0.000000,0.000000,0.000000
62.108273,-53.218586,0.189216,0.000000,0.000000,0.000000,0.000000,0.000000,0.000000,0.000000,0.000000
66.924255,-42.990673,0.189216,0.000000,0.000000,0.000000,0.000000,0.000000,0.000000,0.000000,0.000000
66.924255,-42.990673,0.189216,0.000000,0.000000,0.000000,0.000000,0.000000,0.000000,0.000000,0.000000
62.108273,-53.218586,0.189216,0.000000,0.000000,0.000000,0.000000,0.000000,0.000000,0.000000,0.000000
70.093399,-43.206490,0.189216,0.000000,0.000000,0.000000,0.000000,0.000000,0.000000,0.000000,0.000000
70.093399,-43.206490,0.189216,0.000000,0.000000,0.000000,0.000000,0.000000,0.000000,0.000000,0.000000
62.108273,-53.218586,0.189216,0.000000,0.000000,0.000000,0.000000,0.000000,0.000000,0.000000,0.000000
63.131046,-53.844978,0.189216,0.000000,0.000000,0.000000,0.000000,0.000000,0.000000,0.000000,0.000000
60.131245,-53.297733,0.189216,0.000000,0.000000,0.000000,0.000000,0.000000,0.000000,0.000000,0.000000
66.924255,-42.990673,0.189216,0.000000,0.000000,0.000000,0.000000,0.000000,0.000000,0.000000,0.000000
62.875736,-42.978085,0.189216,0.000000,0.000000,0.000000,0.000000,0.000000,0.000000,0.000000,0.000000
70.093399,-43.206490,0.189216,0.000000,0.000000,0.000000,0.000000,0.000000,0.000000,0.000000,0.000000
63.131046,-53.844978,0.189216,0.000000,0.000000,0.000000,0.000000,0.000000,0.000000,0.000000,0.000000
63.673073,-55.109268,0.189216,0.000000,0.000000,0.000000,0.000000,0.000000,0.000000,0.000000,0.000000
63.131046,-53.844978,0.189216,0.000000,0.000000,0.000000,0.000000,0.000000,0.000000,0.000000,0.000000
63.228958,-54.813187,0.189216,0.000000,0.000000,0.000000,0.000000,0.000000,0.000000,0.000000,0.000000
63.673073,-55.109268,0.189216,0.000000,0.000000,0.000000,0.000000,0.000000,0.000000,0.000000,0.000000
70.093399,-43.206490,0.189216,0.000000,0.000000,0.000000,0.000000,0.000000,0.000000,0.000000,0.000000
63.673073,-55.109268,0.189216,0.000000,0.000000,0.000000,0.000000,0.000000,0.000000,0.000000,0.000000
64.510559,-55.193668,0.189216,0.000000,0.000000,0.000000,0.000000,0.000000,0.000000,0.000000,0.000000
63.673073,-55.109268,0.189216,0.000000,0.000000,0.000000,0.000000,0.000000,0.000000,0.000000,0.000000
63.789124,-55.326767,0.189216,0.000000,0.000000,0.000000,0.000000,0.000000,0.000000,0.000000,0.000000
64.510559,-55.193668,0.189216,0.000000,0.000000,0.000000,0.000000,0.000000,0.000000,0.000000,0.000000
59.206009,-52.580185,0.189216,0.000000,0.000000,0.000000,0.000000,0.000000,0.000000,0.000000,0.000000
60.131245,-53.297733,0.189216,0.000000,0.000000,0.000000,0.000000,0.000000,0.000000,0.000000,0.000000
62.875736,-42.978085,0.189216,0.000000,0.000000,0.000000,0.000000,0.000000,0.000000,0.000000,0.000000
59.206009,-52.580185,0.189216,0.000000,0.000000,0.000000,0.000000,0.000000,0.000000,0.000000,0.000000
59.206009,-53.273457,0.189216,0.000000,0.000000,0.000000,0.000000,0.000000,0.000000,0.000000,0.000000
60.131245,-53.297733,0.189216,0.000000,0.000000,0.000000,0.000000,0.000000,0.000000,0.000000,0.000000
57.635094,-52.580185,0.189216,0.000000,0.000000,0.000000,0.000000,0.000000,0.000000,0.000000,0.000000
59.206009,-52.580185,0.189216,0.000000,0.000000,0.000000,0.000000,0.000000,0.000000,0.000000,0.000000
62.875736,-42.978085,0.189216,0.000000,0.000000,0.000000,0.000000,0.000000,0.000000,0.000000,0.000000
57.271332,-53.195595,0.189216,0.000000,0.000000,0.000000,0.000000,0.000000,0.000000,0.000000,0.000000
57.635094,-52.580185,0.189216,0.000000,0.000000,0.000000,0.000000,0.000000,0.000000,0.000000,0.000000
62.875736,-42.978085,0.189216,0.000000,0.000000,0.000000,0.000000,0.000000,0.000000,0.000000,0.000000
57.271332,-53.195595,0.189216,0.000000,0.000000,0.000000,0.000000,0.000000,0.000000,0.000000,0.000000
57.635094,-53.217327,0.189216,0.000000,0.000000,0.000000,0.000000,0.000000,0.000000,0.000000,0.000000
57.635094,-52.580185,0.189216,0.000000,0.000000,0.000000,0.000000,0.000000,0.000000,0.000000,0.000000
113.624260,-79.399994,0.189216,0.000000,0.000000,0.000000,0.000000,0.000000,0.000000,0.000000,0.000000
114.199997,-79.399994,0.189216,0.000000,0.000000,0.000000,0.000000,0.000000,0.000000,0.000000,0.000000
114.199997,-75.667694,0.189216,0.000000,0.000000,0.000000,0.000000,0.000000,0.000000,0.000000,0.000000
113.624260,-79.399994,0.189216,0.000000,0.000000,0.000000,0.000000,0.000000,0.000000,0.000000,0.000000
114.199997,-75.667694,0.189216,0.000000,0.000000,0.000000,0.000000,0.000000,0.000000,0.000000,0.000000
113.485764,-79.538490,0.189216,0.000000,0.000000,0.000000,0.000000,0.000000,0.000000,0.000000,0.000000
114.199997,-75.667694,0.189216,0.000000,0.000000,0.000000,0.000000,0.000000,0.000000,0.000000,0.000000
112.929573,-75.678589,0.189216,0.000000,0.000000,0.000000,0.000000,0.000000,0.000000,0.000000,0.000000
113.485764,-79.538490,0.189216,0.000000,0.000000,0.000000,0.000000,0.000000,0.000000,0.000000,0.000000
112.929573,-75.678589,0.189216,0.000000,0.000000,0.000000,0.000000,0.000000,0.000000,0.000000,0.000000
112.796043,-75.580856,0.189216,0.000000,0.000000,0.000000,0.000000,0.000000,0.000000,0.000000,0.000000
113.485764,-79.538490,0.189216,0.000000,0.000000,0.000000,0.000000,0.000000,0.000000,0.000000,0.000000
112.796043,-75.580856,0.189216,0.000000,0.000000,0.000000,0.000000,0.000000,0.000000,0.000000,0.000000
109.600006,-69.875732,0.189216,0.000000,0.000000,0.000000,0.000000,0.000000,0.000000,0.000000,0.000000
113.485764,-79.538490,0.189216,0.000000,0.000000,0.000000,0.000000,0.000000,0.000000,0.000000,0.000000
112.796043,-75.580856,0.189216,0.000000,0.000000,0.000000,0.000000,0.000000,0.000000,0.000000,0.000000
112.706284,-73.417992,0.189216,0.000000,0.000000,0.000000,0.000000,0.000000,0.000000,0.000000,0.000000
109.600006,-69.875732,0.189216,0.000000,0.000000,0.000000,0.000000,0.000000,0.000000,0.000000,0.000000
112.706284,-73.417992,0.189216,0.000000,0.000000,0.000000,0.000000,0.000000,0.000000,0.000000,0.000000
113.324249,-64.565742,0.189216,0.000000,0.000000,0.000000,0.000000,0.000000,0.000000,0.000000,0.000000
109.600006,-69.875732,0.189216,0.000000,0.000000,0.000000,0.000000,0.000000,0.000000,0.000000,0.000000
112.706284,-73.417992,0.189216,0.000000,0.000000,0.000000,0.000000,0.000000,0.000000,0.000000,0.000000
112.824265,-73.300003,0.189216,0.000000,0.000000,0.000000,0.000000,0.000000,0.000000,0.000000,0.000000
113.324249,-64.565742,0.189216,0.000000,0.000000,0.000000,0.000000,0.000000,0.000000,0.000000,0.000000
112.824265,-73.300003,0.189216,0.000000,0.000000,0.000000,0.000000,0.000000,0.000000,0.000000,0.000000
114.199997,-73.300003,0.189216,0.000000,0.000000,0.000000,0.000000,0.000000,0.000000,0.000000,0.000000
113.324249,-64.565742,0.189216,0.000000,0.000000,0.000000,0.000000,0.000000,0.000000,0.000000,0.000000
114.199997,-73.300003,0.189216,0.000000,0.000000,0.000000,0.000000,0.000000,0.000000,0.000000,0.000000
114.199997,-64.565742,0.189216,0.000000,0.000000,0.000000,0.000000,0.000000,0.000000,0.000000,0.000000
113.324249,-64.565742,0.189216,0.000000,0.000000,0.000000,0.000000,0.000000,0.000000,0.000000,0.000000
109.600006,-69.875732,0.189216,0.000000,0.000000,0.000000,0.000000,0.000000,0.000000,0.000000,0.000000
108.577904,-76.522377,0.189216,0.000000,0.000000,0.000000,0.000000,0.000000,0.000000,0.000000,0.000000
113.485764,-79.538490,0.189216,0.000000,0.000000,0.000000,0.000000,0.000000,0.000000,0.000000,0.000000
109.600006,-69.875732,0.189216,0.000000,0.000000,0.000000,0.000000,0.000000,0.000000,0.000000,0.000000
108.599998,-73.324265,0.189216,0.000000,0.000000,0.000000,0.000000,0.000000,0.000000,0.000000,0.000000
108.577904,-76.522377,0.189216,0.000000,0.000000,0.000000,0.000000,0.000000,0.000000,0.000000,0.000000
109.600006,-69.875732,0.189216,0.000000,0.000000,0.000000,0.000000,0.000000,0.000000,0.000000,0.000000
108.288979,-71.399994,0.189216,0.000000,0.000000,0.000000,0.000000,0.000000,0.000000,0.000000,0.000000
108.599998,-73.324265,0.189216,0.000000,0.000000,0.000000,0.000000,0.000000,0.000000,0.000000,0.000000
108.288979,-71.399994,0.189216,0.000000,0.000000,0.000000,0.000000,0.000000,0.000000,0.000000,0.000000
108.475731,-73.200005,0.189216,0.000000,0.000000,0.000000,0.000000,0.000000,0.000000,0.000000,0.000000
108.599998,-73.324265,0.189216,0.000000,0.000000,0.000000,0.000000,0.000000,0.000000,0.000000,0.000000
108.288979,-71.399994,0.189216,0.000000,0.000000,0.000000,0.000000,0.000000,0.000000,0.000000,0.000000
106.599998,-73.199997,0.189216,0.000000,0.000000,0.000000,0.000000,0.000000,0.000000,0.000000,0.000000
108.475731,-73.200005,0.189216,0.000000,0.000000,0.000000,0.000000,0.000000,0.000000,0.000000,0.000000
108.288979,-71.399994,0.189216,0.000000,0.000000,0.000000,0.000000,0.000000,0.000000,0.000000,0.000000
106.599983,-70.778481,0.189216,0.000000,0.000000,0.000000,0.000000,0.000000,0.000000,0.000000,0.000000
106.599998,-73.199997,0.189216,0.000000,0.000000,0.000000,0.000000,0.000000,0.000000,0.000000,0.000000
109.600006,-69.875732,0.189216,0.000000,0.000000,0.000000,0.000000,0.000000,0.000000,0.000000,0.000000
109.475731,-70.000000,0.189216,0.000000,0.000000,0.000000,0.000000,0.000000,0.000000,0.000000,0.000000
108.288979,-71.399994,0.189216,0.000000,0.000000,0.000000,0.000000,0.000000,0.000000,0.000000,0.000000
109.475731,-70.000000,0.189216,0.000000,0.000000,0.000000,0.000000,0.000000,0.000000,0.000000,0.000000
108.684196,-70.750702,0.189216,0.000000,0.000000,0.000000,0.000000,0.000000,0.000000,0.000000,0.000000
108.288979,-71.399994,0.189216,0.000000,0.000000,0.000000,0.000000,0.000000,0.000000,0.000000,0.000000
109.475731,-70.000000,0.189216,0.000000,0.000000,0.000000,0.000000,0.000000,0.000000,0.000000,0.000000
108.534050,-70.000000,0.189216,0.000000,0.000000,0.000000,0.000000,0.000000,0.000000,0.000000,0.000000
108.684196,-70.750702,0.189216,0.000000,0.000000,0.000000,0.000000,0.000000,0.000000,0.000000,0.000000
108.577904,-76.522377,0.189216,0.000000,0.000000,0.000000,0.000000,0.000000,0.000000,0.000000,0.000000
105.424271,-80.700005,0.189216,0.000000,0.000000,0.000000,0.000000,0.000000,0.000000,0.000000,0.000000
113.485764,-79.538490,0.189216,0.000000,0.000000,0.000000,0.000000,0.000000,0.000000,0.000000,0.000000
108.577904,-76.522377,0.189216,0.000000,0.000000,0.000000,0.000000,0.000000,0.000000,0.000000,0.000000
105.299995,-80.824257,0.189216,0.000000,0.000000,0.000000,0.000000,0.000000,0.000000,0.000000,0.000000
105.424271,-80.700005,0.189216,0.000000,0.000000,0.000000,0.000000,0.000000,0.000000,0.000000,0.000000
105.424271,-80.700005,0.189216,0.000000,0.000000,0.000000,0.000000,0.000000,0.000000,0.000000,0.000000
107.475731,-80.700005,0.189216,0.000000,0.000000,0.000000,0.000000,0.000000,0.000000,0.000000,0.000000
113.485764,-79.538490,0.189216,0.000000,0.000000,0.000000,0.000000,0.000000,0.000000,0.000000,0.000000
108.577904,-76.522377,0.189216,0.000000,0.000000,0.000000,0.000000,0.000000,0.000000,0.000000,0.000000
101.600006,-79.724266,0.189216,0.000000,0.000000,0.000000,0.000000,0.000000,0.000000,0.000000,0.000000
105.299995,-80.824257,0.189216,0.000000,0.000000,0.000000,0.000000,0.000000,0.000000,0.000000,0.000000
101.600006,-79.724266,0.189216,0.000000,0.000000,0.000000,0.000000,0.000000,0.000000,0.000000,0.000000
105.299995,-81.399986,0.189216,0.000000,0.000000,0.000000,0.000000,0.000000,0.000000,0.000000,0.000000
105.299995,-80.824257,0.189216,0.000000,0.000000,0.000000,0.000000,0.000000,0.000000,0.000000,0.000000
101.600006,-79.724266,0.189216,0.000000,0.000000,0.000000,0.000000,0.000000,0.000000,0.000000,0.000000
101.599991,-81.399986,0.189216,0.000000,0.000000,0.000000,0.000000,0.000000,0.000000,0.000000,0.000000
105.299995,-81.399986,0.189216,0.000000,0.000000,0.000000,0.000000,0.000000,0.000000,0.000000,0.000000
107.475731,-80.700005,0.189216,0.000000,0.000000,0.000000,0.000000,0.000000,0.000000,0.000000,0.000000
113.266777,-81.399986,0.189216,0.000000,0.000000,0.000000,0.000000,0.000000,0.000000,0.000000,0.000000
113.485764,-79.538490,0.189216,0.000000,0.000000,0.000000,0.000000,0.000000,0.000000,0.000000,0.000000
107.475731,-80.700005,0.189216,0.000000,0.000000,0.000000,0.000000,0.000000,0.000000,0.000000,0.000000
107.599998,-80.824257,0.189216,0.000000,0.000000,0.000000,0.000000,0.000000,0.000000,0.000000,0.000000
113.266777,-81.399986,0.189216,0.000000,0.000000,0.000000,0.000000,0.000000,0.000000,0.000000,0.000000
107.599998,-80.824257,0.189216,0.000000,0.000000,0.000000,0.000000,0.000000,0.000000,0.000000,0.000000
107.599998,-81.399986,0.189216,0.000000,0.000000,0.000000,0.000000,0.000000,0.000000,0.000000,0.000000
113.266777,-81.399986,0.189216,0.000000,0.000000,0.000000,0.000000,0.000000,0.000000,0.000000,0.000000
35.444889,-70.169540,-0.459301,0.000000,0.000000,0.000000,0.000000,0.000000,0.000000,0.000000,0.000000
38.079662,-70.169540,-0.459300,0.000000,0.000000,0.000000,0.000000,0.000000,0.000000,0.000000,0.000000
38.079662,-67.021126,-0.459301,0.000000,0.000000,0.000000,0.000000,0.000000,0.000000,0.000000,0.000000
35.444889,-70.169540,-0.459301,0.000000,0.000000,0.000000,0.000000,0.000000,0.000000,0.000000,0.000000
38.079662,-67.021126,-0.459301,0.000000,0.000000,0.000000,0.000000,0.000000,0.000000,0.000000,0.000000
38.735390,-65.805527,-0.459301,0.000000,0.000000,0.000000,0.000000,0.000000,0.000000,0.000000,0.000000
40.925892,-62.809586,-0.459301,0.000000,0.000000,0.000000,0.000000,0.000000,0.000000,0.000000,0.000000
35.444889,-70.169540,-0.459301,0.000000,0.000000,0.000000,0.000000,0.000000,0.000000,0.000000,0.000000
38.735390,-65.805527,-0.459301,0.000000,0.000000,0.000000,0.000000,0.000000,0.000000,0.000000,0.000000
38.079662,-67.021126,-0.459301,0.000000,0.000000,0.000000,0.000000,0.000000,0.000000,0.000000,0.000000
38.735390,-67.021126,-0.459301,0.000000,0.000000,0.000000,0.000000,0.000000,0.000000,0.000000,0.000000
38.735390,-65.805527,-0.459301,0.000000,0.000000,0.000000,0.000000,0.000000,0.000000,0.000000,0.000000
40.925892,-62.809586,-0.459301,0.000000,0.000000,0.000000,0.000000,0.000000,0.000000,0.000000,0.000000
35.444889,-62.809586,-0.459302,0.000000,0.000000,0.000000,0.000000,0.000000,0.000000,0.000000,0.000000
35.444889,-70.169540,-0.459301,0.000000,0.000000,0.000000,0.000000,0.000000,0.000000,0.000000,0.000000
40.925892,-62.809586,-0.459301,0.000000,0.000000,0.000000,0.000000,0.000000,0.000000,0.000000,0.000000
38.735390,-65.805527,-0.459301,0.000000,0.000000,0.000000,0.000000,0.000000,0.000000,0.000000,0.000000
40.373421,-65.805527,-0.459301,0.000000,0.000000,0.000000,0.000000,0.000000,0.000000,0.000000,0.000000
40.925892,-67.021126,-0.459300,0.000000,0.000000,0.000000,0.000000,0.000000,0.000000,0.000000,0.000000
40.925892,-62.809586,-0.459301,0.000000,0.000000,0.000000,0.000000,0.000000,0.000000,0.000000,0.000000
40.373421,-65.805527,-0.459301,0.000000,0.000000,0.000000,0.000000,0.000000,0.000000,0.000000,0.000000
40.373421,-67.021126,-0.459300,0.000000,0.000000,0.000000,0.000000,0.000000,0.000000,0.000000,0.000000
40.925892,-67.021126,-0.459300,0.000000,0.000000,0.000000,0.000000,0.000000,0.000000,0.000000,0.000000
40.373421,-65.805527,-0.459301,0.000000,0.000000,0.000000,0.000000,0.000000,0.000000,0.000000,0.000000
40.925892,-62.809586,-0.459301,0.000000,0.000000,0.000000,0.000000,0.000000,0.000000,0.000000,0.000000
40.925892,-67.021126,-0.459300,0.000000,0.000000,0.000000,0.000000,0.000000,0.000000,0.000000,0.000000
41.173443,-67.021126,-0.546815,0.000000,0.000000,0.000000,0.000000,0.000000,0.000000,0.000000,0.000000
35.444889,-62.809586,-0.459302,0.000000,0.000000,0.000000,0.000000,0.000000,0.000000,0.000000,0.000000
40.925892,-62.809586,-0.459301,0.000000,0.000000,0.000000,0.000000,0.000000,0.000000,0.000000,0.000000
40.925896,-62.636925,-0.475014,0.000000,0.000000,0.000000,0.000000,0.000000,0.000000,0.000000,0.000000
40.925896,-62.636925,-0.475014,0.000000,0.000000,0.000000,0.000000,0.000000,0.000000,0.000000,0.000000
35.444889,-62.636925,-0.475015,0.000000,0.000000,0.000000,0.000000,0.000000,0.000000,0.000000,0.000000
35.444889,-62.809586,-0.459302,0.000000,0.000000,0.000000,0.000000,0.000000,0.000000,0.000000,0.000000
35.788162,-62.270897,-0.607204,0.000000,0.000000,0.000000,0.000000,0.000000,0.000000,0.000000,0.000000
35.444889,-62.636925,-0.475015,0.000000,0.000000,0.000000,0.000000,0.000000,0.000000,0.000000,0.000000
40.925896,-62.636925,-0.475014,0.000000,0.000000,0.000000,0.000000,0.000000,0.000000,0.000000,0.000000
40.925896,-62.636925,-0.475014,0.000000,0.000000,0.000000,0.000000,0.000000,0.000000,0.000000,0.000000
40.925896,-62.270897,-0.607204,0.000000,0.000000,0.000000,0.000000,0.000000,0.000000,0.000000,0.000000
35.788162,-62.270897,-0.607204,0.000000,0.000000,0.000000,0.000000,0.000000,0.000000,0.000000,0.000000
41.173443,-67.021126,-0.546815,0.000000,0.000000,0.000000,0.000000,0.000000,0.000000,0.000000,0.000000
41.173443,-62.809586,-0.546816,0.000000,0.000000,0.000000,0.000000,0.000000,0.000000,0.000000,0.000000
40.925892,-62.809586,-0.459301,0.000000,0.000000,0.000000,0.000000,0.000000,0.000000,0.000000,0.000000
40.925896,-62.636925,-0.475014,0.000000,0.000000,0.000000,0.000000,0.000000,0.000000,0.000000,0.000000
40.925892,-62.809586,-0.459301,0.000000,0.000000,0.000000,0.000000,0.000000,0.000000,0.000000,0.000000
41.173443,-62.809586,-0.546816,0.000000,0.000000,0.000000,0.000000,0.000000,0.000000,0.000000,0.000000
41.173443,-62.809586,-0.546816,0.000000,0.000000,0.000000,0.000000,0.000000,0.000000,0.000000,0.000000
41.173443,-67.021126,-0.546815,0.000000,0.000000,0.000000,0.000000,0.000000,0.000000,0.000000,0.000000
43.553181,-67.021126,-0.546815,0.000000,0.000000,0.000000,0.000000,0.000000,0.000000,0.000000,0.000000
43.553181,-67.021126,-0.546815,0.000000,0.000000,0.000000,0.000000,0.000000,0.000000,0.000000,0.000000
43.553181,-62.809586,-0.546816,0.000000,0.000000,0.000000,0.000000,0.000000,0.000000,0.000000,0.000000
41.173443,-62.809586,-0.546816,0.000000,0.000000,0.000000,0.000000,0.000000,0.000000,0.000000,0.000000
40.925896,-62.270897,-0.607204,0.000000,0.000000,0.000000,0.000000,0.000000,0.000000,0.000000,0.000000
40.925896,-62.636925,-0.475014,0.000000,0.000000,0.000000,0.000000,0.000000,0.000000,0.000000,0.000000
41.173443,-62.636917,-0.546816,0.000000,0.000000,0.000000,0.000000,0.000000,0.000000,0.000000,0.000000
41.173443,-62.809586,-0.546816,0.000000,0.000000,0.000000,0.000000,0.000000,0.000000,0.000000,0.000000
41.173443,-62.636917,-0.546816,0.000000,0.000000,0.000000,0.000000,0.000000,0.000000,0.000000,0.000000
40.925896,-62.636925,-0.475014,0.000000,0.000000,0.000000,0.000000,0.000000,0.000000,0.000000,0.000000
41.173443,-62.636917,-0.546816,0.000000,0.000000,0.000000,0.000000,0.000000,0.000000,0.000000,0.000000
41.173443,-62.809586,-0.546816,0.000000,0.000000,0.000000,0.000000,0.000000,0.000000,0.000000,0.000000
43.553181,-62.809586,-0.546816,0.000000,0.000000,0.000000,0.000000,0.000000,0.000000,0.000000,0.000000
41.173443,-62.636917,-0.546816,0.000000,0.000000,0.000000,0.000000,0.000000,0.000000,0.000000,0.000000
41.173443,-62.270897,-0.607204,0.000000,0.000000,0.000000,0.000000,0.000000,0.000000,0.000000,0.000000
40.925896,-62.270897,-0.607204,0.000000,0.000000,0.000000,0.000000,0.000000,0.000000,0.000000,0.000000
43.553181,-62.809586,-0.546816,0.000000,0.000000,0.000000,0.000000,0.000000,0.000000,0.000000,0.000000
43.553177,-62.636917,-0.546816,0.000000,0.000000,0.000000,0.000000,0.000000,0.000000,0.000000,0.000000
41.173443,-62.636917,-0.546816,0.000000,0.000000,0.000000,0.000000,0.000000,0.000000,0.000000,0.000000
41.173443,-62.636917,-0.546816,0.000000,0.000000,0.000000,0.000000,0.000000,0.000000,0.000000,0.000000
42.931980,-62.270897,-0.607204,0.000000,0.000000,0.000000,0.000000,0.000000,0.000000,0.000000,0.000000
41.173443,-62.270897,-0.607204,0.000000,0.000000,0.000000,0.000000,0.000000,0.000000,0.000000,0.000000
41.173443,-62.636917,-0.546816,0.000000,0.000000,0.000000,0.000000,0.000000,0.000000,0.000000,0.000000
43.553177,-62.636917,-0.546816,0.000000,0.000000,0.000000,0.000000,0.000000,0.000000,0.000000,0.000000
42.931980,-62.270897,-0.607204,0.000000,0.000000,0.000000,0.000000,0.000000,0.000000,0.000000,0.000000
35.997818,-55.249763,-0.031384,0.000000,0.000000,0.000000,0.000000,0.000000,0.000000,0.000000,0.000000
35.977760,-53.946495,0.212584,0.000000,0.000000,0.000000,0.000000,0.000000,0.000000,0.000000,0.000000
31.675117,-56.269844,0.212580,0.000000,0.000000,0.000000,0.000000,0.000000,0.000000,0.000000,0.000000
31.675117,-56.269844,0.212580,0.000000,0.000000,0.000000,0.000000,0.000000,0.000000,0.000000,0.000000
36.299740,-56.469952,-0.209967,0.000000,0.000000,0.000000,0.000000,0.000000,0.000000,0.000000,0.000000
35.997818,-55.249763,-0.031384,0.000000,0.000000,0.000000,0.000000,0.000000,0.000000,0.000000,0.000000
37.289722,-57.318558,-0.451190,0.000000,0.000000,0.000000,0.000000,0.000000,0.000000,0.000000,0.000000
36.299740,-56.469952,-0.209967,0.000000,0.000000,0.000000,0.000000,0.000000,0.000000,0.000000,0.000000
31.675117,-56.269844,0.212580,0.000000,0.000000,0.000000,0.000000,0.000000,0.000000,0.000000,0.000000
31.675117,-56.269844,0.212580,0.000000,0.000000,0.000000,0.000000,0.000000,0.000000,0.000000,0.000000
34.694210,-59.219456,-0.482247,0.000000,0.000000,0.000000,0.000000,0.000000,0.000000,0.000000,0.000000
37.289722,-57.318558,-0.451190,0.000000,0.000000,0.000000,0.000000,0.000000,0.000000,0.000000,0.000000
37.289722,-57.318558,-0.451190,0.000000,0.000000,0.000000,0.000000,0.000000,0.000000,0.000000,0.000000
34.694210,-59.219456,-0.482247,0.000000,0.000000,0.000000,0.000000,0.000000,0.000000,0.000000,0.000000
36.727539,-60.272442,-0.532768,0.000000,0.000000,0.000000,0.000000,0.000000,0.000000,0.000000,0.000000
35.326084,-60.367001,-0.530226,0.000000,0.000000,0.000000,0.000000,0.000000,0.000000,0.000000,0.000000
36.727539,-60.272442,-0.532768,0.000000,0.000000,0.000000,0.000000,0.000000,0.000000,0.000000,0.000000
34.694210,-59.219456,-0.482247,0.000000,0.000000,0.000000,0.000000,0.000000,0.000000,0.000000,0.000000
35.326084,-60.367001,-0.530226,0.000000,0.000000,0.000000,0.000000,0.000000,0.000000,0.000000,0.000000
35.788158,-62.270897,-0.607204,0.000000,0.000000,0.000000,0.000000,0.000000,0.000000,0.000000,0.000000
36.727539,-60.272442,-0.532768,0.000000,0.000000,0.000000,0.000000,0.000000,0.000000,0.000000,0.000000
39.227600,-59.815224,-0.626783,0.000000,0.000000,0.000000,0.000000,0.000000,0.000000,0.000000,0.000000
37.289722,-57.318558,-0.451190,0.000000,0.000000,0.000000,0.000000,0.000000,0.000000,0.000000,0.000000
36.727539,-60.272442,-0.532768,0.000000,0.000000,0.000000,0.000000,0.000000,0.000000,0.000000,0.000000
39.227600,-59.815224,-0.626783,0.000000,0.000000,0.000000,0.000000,0.000000,0.000000,0.000000,0.000000
36.727539,-60.272442,-0.532768,0.000000,0.000000,0.000000,0.000000,0.000000,0.000000,0.000000,0.000000
35.788158,-62.270897,-0.607204,0.000000,0.000000,0.000000,0.000000,0.000000,0.000000,0.000000,0.000000
38.724358,-57.808846,-0.588890,0.000000,0.000000,0.000000,0.000000,0.000000,0.000000,0.000000,0.000000
37.289722,-57.318558,-0.451190,0.000000,0.000000,0.000000,0.000000,0.000000,0.000000,0.000000,0.000000
39.227600,-59.815224,-0.626783,0.000000,0.000000,0.000000,0.000000,0.000000,0.000000,0.000000,0.000000
35.788158,-62.270897,-0.607204,0.000000,0.000000,0.000000,0.000000,0.000000,0.000000,0.000000,0.000000
35.788162,-62.270897,-0.607204,0.000000,0.000000,0.000000,0.000000,0.000000,0.000000,0.000000,0.000000
39.227600,-59.815224,-0.626783,0.000000,0.000000,0.000000,0.000000,0.000000,0.000000,0.000000,0.000000
39.227600,-59.815224,-0.626783,0.000000,0.000000,0.000000,0.000000,0.000000,0.000000,0.000000,0.000000
39.511208,-58.597023,-0.588890,0.000000,0.000000,0.000000,0.000000,0.000000,0.000000,0.000000,0.000000
38.724358,-57.808846,-0.588890,0.000000,0.000000,0.000000,0.000000,0.000000,0.000000,0.000000,0.000000
39.227600,-59.815224,-0.626783,0.000000,0.000000,0.000000,0.000000,0.000000,0.000000,0.000000,0.000000
35.788162,-62.270897,-0.607204,0.000000,0.000000,0.000000,0.000000,0.000000,0.000000,0.000000,0.000000
40.925896,-62.270897,-0.607204,0.000000,0.000000,0.000000,0.000000,0.000000,0.000000,0.000000,0.000000
40.679852,-59.010185,-0.588890,0.000000,0.000000,0.000000,0.000000,0.000000,0.000000,0.000000,0.000000
39.511208,-58.597023,-0.588890,0.000000,0.000000,0.000000,0.000000,0.000000,0.000000,0.000000,0.000000
39.227600,-59.815224,-0.626783,0.000000,0.000000,0.000000,0.000000,0.000000,0.000000,0.000000,0.000000
39.227600,-59.815224,-0.626783,0.000000,0.000000,0.000000,0.000000,0.000000,0.000000,0.000000,0.000000
40.925896,-62.270897,-0.607204,0.000000,0.000000,0.000000,0.000000,0.000000,0.000000,0.000000,0.000000
41.173439,-62.270897,-0.607203,0.000000,0.000000,0.000000,0.000000,0.000000,0.000000,0.000000,0.000000
39.227600,-59.815224,-0.626783,0.000000,0.000000,0.000000,0.000000,0.000000,0.000000,0.000000,0.000000
41.016781,-60.278023,-0.588889,0.000000,0.000000,0.000000,0.000000,0.000000,0.000000,0.000000,0.000000
40.679852,-59.010185,-0.588890,0.000000,0.000000,0.000000,0.000000,0.000000,0.000000,0.000000,0.000000
41.173439,-62.270897,-0.607203,0.000000,0.000000,0.000000,0.000000,0.000000,0.000000,0.000000,0.000000
41.016781,-60.278023,-0.588889,0.000000,0.000000,0.000000,0.000000,0.000000,0.000000,0.000000,0.000000
39.227600,-59.815224,-0.626783,0.000000,0.000000,0.000000,0.000000,0.000000,0.000000,0.000000,0.000000
41.945354,-58.987011,-0.588891,0.000000,0.000000,0.000000,0.000000,0.000000,0.000000,0.000000,0.000000
40.679852,-59.010185,-0.588890,0.000000,0.000000,0.000000,0.000000,0.000000,0.000000,0.000000,0.000000
41.016781,-60.278023,-0.588889,0.000000,0.000000,0.000000,0.000000,0.000000,0.000000,0.000000,0.000000
41.016781,-60.278023,-0.588889,0.000000,0.000000,0.000000,0.000000,0.000000,0.000000,0.000000,0.000000
41.173439,-62.270897,-0.607203,0.000000,0.000000,0.000000,0.000000,0.000000,0.000000,0.000000,0.000000
42.931973,-62.270897,-0.607203,0.000000,0.000000,0.000000,0.000000,0.000000,0.000000,0.000000,0.000000
41.016781,-60.278023,-0.588889,0.000000,0.000000,0.000000,0.000000,0.000000,0.000000,0.000000,0.000000
43.137966,-60.531448,-0.588889,0.000000,0.000000,0.000000,0.000000,0.000000,0.000000,0.000000,0.000000
41.945354,-58.987011,-0.588891,0.000000,0.000000,0.000000,0.000000,0.000000,0.000000,0.000000,0.000000
42.931973,-62.270897,-0.607203,0.000000,0.000000,0.000000,0.000000,0.000000,0.000000,0.000000,0.000000
43.137966,-60.531448,-0.588889,0.000000,0.000000,0.000000,0.000000,0.000000,0.000000,0.000000,0.000000
41.016781,-60.278023,-0.588889,0.000000,0.000000,0.000000,0.000000,0.000000,0.000000,0.000000,0.000000
42.931973,-62.270897,-0.607203,0.000000,0.000000,0.000000,0.000000,0.000000,0.000000,0.000000,0.000000
43.626038,-62.020386,-0.607203,0.000000,0.000000,0.000000,0.000000,0.000000,0.000000,0.000000,0.000000
43.137966,-60.531448,-0.588889,0.000000,0.000000,0.000000,0.000000,0.000000,0.000000,0.000000,0.000000
43.137966,-60.531448,-0.588889,0.000000,0.000000,0.000000,0.000000,0.000000,0.000000,0.000000,0.000000
43.626038,-62.020386,-0.607203,0.000000,0.000000,0.000000,0.000000,0.000000,0.000000,0.000000,0.000000
44.601250,-61.684853,-0.588890,0.000000,0.000000,0.000000,0.000000,0.000000,0.000000,0.000000,0.000000
43.137966,-60.531448,-0.588889,0.000000,0.000000,0.000000,0.000000,0.000000,0.000000,0.000000,0.000000
44.601250,-61.684853,-0.588890,0.000000,0.000000,0.000000,0.000000,0.000000,0.000000,0.000000,0.000000
46.095833,-60.615601,-0.588890,0.000000,0.000000,0.000000,0.000000,0.000000,0.000000,0.000000,0.000000
42.934208,-58.680981,-0.588891,0.000000,0.000000,0.000000,0.000000,0.000000,0.000000,0.000000,0.000000
41.945354,-58.987011,-0.588891,0.000000,0.000000,0.000000,0.000000,0.000000,0.000000,0.000000,0.000000
43.137966,-60.531448,-0.588889,0.000000,0.000000,0.000000,0.000000,0.000000,0.000000,0.000000,0.000000
46.095833,-60.615601,-0.588890,0.000000,0.000000,0.000000,0.000000,0.000000,0.000000,0.000000,0.000000
42.934208,-58.680981,-0.588891,0.000000,0.000000,0.000000,0.000000,0.000000,0.000000,0.000000,0.000000
43.137966,-60.531448,-0.588889,0.000000,0.000000,0.000000,0.000000,0.000000,0.000000,0.000000,0.000000
42.934208,-58.680981,-0.588891,0.000000,0.000000,0.000000,0.000000,0.000000,0.000000,0.000000,0.000000
46.095833,-60.615601,-0.588890,0.000000,0.000000,0.000000,0.000000,0.000000,0.000000,0.000000,0.000000
47.236832,-59.715431,-0.588890,0.000000,0.000000,0.000000,0.000000,0.000000,0.000000,0.000000,0.000000
47.236832,-59.715431,-0.588890,0.000000,0.000000,0.000000,0.000000,0.000000,0.000000,0.000000,0.000000
43.511192,-57.945759,-0.588891,0.000000,0.000000,0.000000,0.000000,0.000000,0.000000,0.000000,0.000000
42.934208,-58.680981,-0.588891,0.000000,0.000000,0.000000,0.000000,0.000000,0.000000,0.000000,0.000000
43.511192,-57.945759,-0.588891,0.000000,0.000000,0.000000,0.000000,0.000000,0.000000,0.000000,0.000000
47.236832,-59.715431,-0.588890,0.000000,0.000000,0.000000,0.000000,0.000000,0.000000,0.000000,0.000000
48.217926,-58.001892,-0.403138,0.000000,0.000000,0.000000,0.000000,0.000000,0.000000,0.000000,0.000000
48.217926,-58.001892,-0.403138,0.000000,0.000000,0.000000,0.000000,0.000000,0.000000,0.000000,0.000000
44.418118,-56.481339,-0.403139,0.000000,0.000000,0.000000,0.000000,0.000000,0.000000,0.000000,0.000000
43.511192,-57.945759,-0.588891,0.000000,0.000000,0.000000,0.000000,0.000000,0.000000,0.000000,0.000000
44.936172,-55.184944,-0.049174,0.000000,0.000000,0.000000,0.000000,0.000000,0.000000,0.000000,0.000000
44.418118,-56.481339,-0.403139,0.000000,0.000000,0.000000,0.000000,0.000000,0.000000,0.000000,0.000000
48.217926,-58.001892,-0.403138,0.000000,0.000000,0.000000,0.000000,0.000000,0.000000,0.000000,0.000000
48.217926,-58.001892,-0.403138,0.000000,0.000000,0.000000,0.000000,0.000000,0.000000,0.000000,0.000000
49.164444,-56.404644,-0.049174,0.000000,0.000000,0.000000,0.000000,0.000000,0.000000,0.000000,0.000000
44.936172,-55.184944,-0.049174,0.000000,0.000000,0.000000,0.000000,0.000000,0.000000,0.000000,0.000000
45.211998,-54.540260,0.085982,0.000000,0.000000,0.000000,0.000000,0.000000,0.000000,0.000000,0.000000
44.936172,-55.184944,-0.049174,0.000000,0.000000,0.000000,0.000000,0.000000,0.000000,0.000000,0.000000
49.164444,-56.404644,-0.049174,0.000000,0.000000,0.000000,0.000000,0.000000,0.000000,0.000000,0.000000
45.211998,-54.540260,0.085982,0.000000,0.000000,0.000000,0.000000,0.000000,0.000000,0.000000,0.000000
49.164444,-56.404644,-0.049174,0.000000,0.000000,0.000000,0.000000,0.000000,0.000000,0.000000,0.000000
45.649925,-54.351952,0.135914,0.000000,0.000000,0.000000,0.000000,0.000000,0.000000,0.000000,0.000000
49.164444,-56.404644,-0.049174,0.000000,0.000000,0.000000,0.000000,0.000000,0.000000,0.000000,0.000000
49.612267,-54.557323,0.211342,0.000000,0.000000,0.000000,0.000000,0.000000,0.000000,0.000000,0.000000
45.649925,-54.351952,0.135914,0.000000,0.000000,0.000000,0.000000,0.000000,0.000000,0.000000,0.000000
49.612267,-54.557323,0.211342,0.000000,0.000000,0.000000,0.000000,0.000000,0.000000,0.000000,0.000000
45.728596,-54.020535,0.211342,0.000000,0.000000,0.000000,0.000000,0.000000,0.000000,0.000000,0.000000
45.649925,-54.351952,0.135914,0.000000,0.000000,0.000000,0.000000,0.000000,0.000000,0.000000,0.000000
31.675121,-56.269836,0.212583,0.000000,0.000000,0.000000,0.000000,0.000000,0.000000,0.000000,0.000000
28.841383,-57.799995,0.212583,0.000000,0.000000,0.000000,0.000000,0.000000,0.000000,0.000000,0.000000
30.982172,-56.900906,0.173609,0.000000,0.000000,0.000000,0.000000,0.000000,0.000000,0.000000,0.000000
31.675121,-56.269836,0.212583,0.000000,0.000000,0.000000,0.000000,0.000000,0.000000,0.000000,0.000000
30.982172,-56.900906,0.173609,0.000000,0.000000,0.000000,0.000000,0.000000,0.000000,0.000000,0.000000
31.931976,-56.922489,0.092525,0.000000,0.000000,0.000000,0.000000,0.000000,0.000000,0.000000,0.000000
71.337105,-66.814713,0.189216,0.000000,0.000000,0.000000,0.000000,0.000000,0.000000,0.000000,0.000000
71.000000,-67.039436,0.189216,0.000000,0.000000,0.000000,0.000000,0.000000,0.000000,0.000000,0.000000
71.000000,-67.960556,0.189216,0.000000,0.000000,0.000000,0.000000,0.000000,0.000000,0.000000,0.000000
71.337105,-66.814713,0.189216,0.000000,0.000000,0.000000,0.000000,0.000000,0.000000,0.000000,0.000000
71.000000,-67.960556,0.189216,0.000000,0.000000,0.000000,0.000000,0.000000,0.000000,0.000000,0.000000
71.317276,-68.172073,0.189216,0.000000,0.000000,0.000000,0.000000,0.000000,0.000000,0.000000,0.000000
71.572372,-65.873627,0.189216,0.000000,0.000000,0.000000,0.000000,0.000000,0.000000,0.000000,0.000000
71.337105,-66.814713,0.189216,0.000000,0.000000,0.000000,0.000000,0.000000,0.000000,0.000000,0.000000
71.317276,-68.172073,0.189216,0.000000,0.000000,0.000000,0.000000,0.000000,0.000000,0.000000,0.000000
71.572372,-65.873627,0.189216,0.000000,0.000000,0.000000,0.000000,0.000000,0.000000,0.000000,0.000000
71.317276,-68.172073,0.189216,0.000000,0.000000,0.000000,0.000000,0.000000,0.000000,0.000000,0.000000
72.634506,-61.821018,0.189216,0.000000,0.000000,0.000000,0.000000,0.000000,0.000000,0.000000,0.000000
70.943649,-65.107315,0.189216,0.000000,0.000000,0.000000,0.000000,0.000000,0.000000,0.000000,0.000000
71.572372,-65.873627,0.189216,0.000000,0.000000,0.000000,0.000000,0.000000,0.000000,0.000000,0.000000
72.634506,-61.821018,0.189216,0.000000,0.000000,0.000000,0.000000,0.000000,0.000000,0.000000,0.000000
71.317276,-68.172073,0.189216,0.000000,0.000000,0.000000,0.000000,0.000000,0.000000,0.000000,0.000000
77.300003,-59.512161,0.189216,0.000000,0.000000,0.000000,0.000000,0.000000,0.000000,0.000000,0.000000
72.634506,-61.821018,0.189216,0.000000,0.000000,0.000000,0.000000,0.000000,0.000000,0.000000,0.000000
71.317276,-68.172073,0.189216,0.000000,0.000000,0.000000,0.000000,0.000000,0.000000,0.000000,0.000000
71.378738,-68.725227,0.189216,0.000000,0.000000,0.000000,0.000000,0.000000,0.000000,0.000000,0.000000
77.300003,-59.512161,0.189216,0.000000,0.000000,0.000000,0.000000,0.000000,0.000000,0.000000,0.000000
71.378738,-68.725227,0.189216,0.000000,0.000000,0.000000,0.000000,0.000000,0.000000,0.000000,0.000000
71.000000,-72.787781,0.189216,0.000000,0.000000,0.000000,0.000000,0.000000,0.000000,0.000000,0.000000
77.300003,-59.512161,0.189216,0.000000,0.000000,0.000000,0.000000,0.000000,0.000000,0.000000,0.000000
71.378738,-68.725227,0.189216,0.000000,0.000000,0.000000,0.000000,0.000000,0.000000,0.000000,0.000000
71.000000,-68.914604,0.189216,0.000000,0.000000,0.000000,0.000000,0.000000,0.000000,0.000000,0.000000
71.000000,-72.787781,0.189216,0.000000,0.000000,0.000000,0.000000,0.000000,0.000000,0.000000,0.000000
68.710205,-46.976410,0.189216,0.000000,0.000000,0.000000,0.000000,0.000000,0.000000,0.000000,0.000000
70.093399,-46.597336,0.189216,0.000000,0.000000,0.000000,0.000000,0.000000,0.000000,0.000000,0.000000
70.093399,-43.206490,0.189216,0.000000,0.000000,0.000000,0.000000,0.000000,0.000000,0.000000,0.000000
68.529984,-47.169739,0.189216,0.000000,0.000000,0.000000,0.000000,0.000000,0.000000,0.000000,0.000000
68.710205,-46.976410,0.189216,0.000000,0.000000,0.000000,0.000000,0.000000,0.000000,0.000000,0.000000
70.093399,-43.206490,0.189216,0.000000,0.000000,0.000000,0.000000,0.000000,0.000000,0.000000,0.000000
